id,price_doc
30474,inf
30475,inf
30476,inf
30477,inf
30478,inf
30479,inf
30480,inf
30481,inf
30482,inf
30483,inf
30484,inf
30485,inf
30486,inf
30487,inf
30488,inf
30489,inf
30490,inf
30491,inf
30492,inf
30493,inf
30494,inf
30495,inf
30496,inf
30497,inf
30498,inf
30499,inf
30500,inf
30501,inf
30502,inf
30503,inf
30504,inf
30505,inf
30506,inf
30507,inf
30508,inf
30509,inf
30510,inf
30511,inf
30512,inf
30513,inf
30514,inf
30515,inf
30516,inf
30517,inf
30518,inf
30519,inf
30520,inf
30521,inf
30522,inf
30523,inf
30524,inf
30525,inf
30526,inf
30527,inf
30528,inf
30529,inf
30530,inf
30531,inf
30532,inf
30533,inf
30534,inf
30535,inf
30536,inf
30537,inf
30538,inf
30539,inf
30540,inf
30541,inf
30542,inf
30543,inf
30544,inf
30545,inf
30546,inf
30547,inf
30548,inf
30549,inf
30550,inf
30551,inf
30552,inf
30553,inf
30554,inf
30555,inf
30556,inf
30557,inf
30558,inf
30559,inf
30560,inf
30561,inf
30562,inf
30563,inf
30564,inf
30565,inf
30566,inf
30567,inf
30568,inf
30569,inf
30570,inf
30571,inf
30572,inf
30573,inf
30574,inf
30575,inf
30576,inf
30577,inf
30578,inf
30579,inf
30580,inf
30581,inf
30582,inf
30583,inf
30584,inf
30585,inf
30586,inf
30587,inf
30588,inf
30589,inf
30590,inf
30591,inf
30592,inf
30593,inf
30594,inf
30595,inf
30596,inf
30597,inf
30598,inf
30599,inf
30600,inf
30601,inf
30602,inf
30603,inf
30604,inf
30605,inf
30606,inf
30607,inf
30608,inf
30609,inf
30610,inf
30611,inf
30612,inf
30613,inf
30614,inf
30615,inf
30616,inf
30617,inf
30618,inf
30619,inf
30620,inf
30621,inf
30622,inf
30623,inf
30624,inf
30625,inf
30626,inf
30627,inf
30628,inf
30629,inf
30630,inf
30631,inf
30632,inf
30633,inf
30634,inf
30635,inf
30636,inf
30637,inf
30638,inf
30639,inf
30640,inf
30641,inf
30642,inf
30643,inf
30644,inf
30645,inf
30646,inf
30647,inf
30648,inf
30649,inf
30650,inf
30651,inf
30652,inf
30653,inf
30654,inf
30655,inf
30656,inf
30657,inf
30658,inf
30659,inf
30660,inf
30661,inf
30662,inf
30663,inf
30664,inf
30665,inf
30666,inf
30667,inf
30668,inf
30669,inf
30670,inf
30671,inf
30672,inf
30673,inf
30674,inf
30675,inf
30676,inf
30677,inf
30678,inf
30679,inf
30680,inf
30681,inf
30682,inf
30683,inf
30684,inf
30685,inf
30686,inf
30687,inf
30688,inf
30689,inf
30690,inf
30691,inf
30692,inf
30693,inf
30694,inf
30695,inf
30696,inf
30697,inf
30698,inf
30699,inf
30700,inf
30701,inf
30702,inf
30703,inf
30704,inf
30705,inf
30706,inf
30707,inf
30708,inf
30709,inf
30710,inf
30711,inf
30712,inf
30713,inf
30714,inf
30715,inf
30716,inf
30717,inf
30718,inf
30719,inf
30720,inf
30721,inf
30722,inf
30723,inf
30724,inf
30725,inf
30726,inf
30727,inf
30728,inf
30729,inf
30730,inf
30731,inf
30732,inf
30733,inf
30734,inf
30735,inf
30736,inf
30737,inf
30738,inf
30739,inf
30740,inf
30741,inf
30742,inf
30743,inf
30744,inf
30745,inf
30746,inf
30747,inf
30748,inf
30749,inf
30750,inf
30751,inf
30752,inf
30753,inf
30754,inf
30755,inf
30756,inf
30757,inf
30758,inf
30759,inf
30760,inf
30761,inf
30762,inf
30763,inf
30764,inf
30765,inf
30766,inf
30767,inf
30768,inf
30769,inf
30770,inf
30771,inf
30772,inf
30773,inf
30774,inf
30775,inf
30776,inf
30777,inf
30778,inf
30779,inf
30780,inf
30781,inf
30782,inf
30783,inf
30784,inf
30785,inf
30786,inf
30787,inf
30788,inf
30789,inf
30790,inf
30791,inf
30792,inf
30793,inf
30794,inf
30795,inf
30796,inf
30797,inf
30798,inf
30799,inf
30800,inf
30801,inf
30802,inf
30803,inf
30804,inf
30805,inf
30806,inf
30807,inf
30808,inf
30809,inf
30810,inf
30811,inf
30812,inf
30813,inf
30814,inf
30815,inf
30816,inf
30817,inf
30818,inf
30819,inf
30820,inf
30821,inf
30822,inf
30823,inf
30824,inf
30825,inf
30826,inf
30827,inf
30828,inf
30829,inf
30830,inf
30831,inf
30832,inf
30833,inf
30834,inf
30835,inf
30836,inf
30837,inf
30838,inf
30839,inf
30840,inf
30841,inf
30842,inf
30843,inf
30844,inf
30845,inf
30846,inf
30847,inf
30848,inf
30849,inf
30850,inf
30851,inf
30852,inf
30853,inf
30854,inf
30855,inf
30856,inf
30857,inf
30858,inf
30859,inf
30860,inf
30861,inf
30862,inf
30863,inf
30864,inf
30865,inf
30866,inf
30867,inf
30868,inf
30869,inf
30870,inf
30871,inf
30872,inf
30873,inf
30874,inf
30875,inf
30876,inf
30877,inf
30878,inf
30879,inf
30880,inf
30881,inf
30882,inf
30883,inf
30884,inf
30885,inf
30886,inf
30887,inf
30888,inf
30889,inf
30890,inf
30891,inf
30892,inf
30893,inf
30894,inf
30895,inf
30896,inf
30897,inf
30898,inf
30899,inf
30900,inf
30901,inf
30902,inf
30903,inf
30904,inf
30905,inf
30906,inf
30907,inf
30908,inf
30909,inf
30910,inf
30911,inf
30912,inf
30913,inf
30914,inf
30915,inf
30916,inf
30917,inf
30918,inf
30919,inf
30920,inf
30921,inf
30922,inf
30923,inf
30924,inf
30925,inf
30926,inf
30927,inf
30928,inf
30929,inf
30930,inf
30931,inf
30932,inf
30933,inf
30934,inf
30935,inf
30936,inf
30937,inf
30938,inf
30939,inf
30940,inf
30941,inf
30942,inf
30943,inf
30944,inf
30945,inf
30946,inf
30947,inf
30948,inf
30949,inf
30950,inf
30951,inf
30952,inf
30953,inf
30954,inf
30955,inf
30956,inf
30957,inf
30958,inf
30959,inf
30960,inf
30961,inf
30962,inf
30963,inf
30964,inf
30965,inf
30966,inf
30967,inf
30968,inf
30969,inf
30970,inf
30971,inf
30972,inf
30973,inf
30974,inf
30975,inf
30976,inf
30977,inf
30978,inf
30979,inf
30980,inf
30981,inf
30982,inf
30983,inf
30984,inf
30985,inf
30986,inf
30987,inf
30988,inf
30989,inf
30990,inf
30991,inf
30992,inf
30993,inf
30994,inf
30995,inf
30996,inf
30997,inf
30998,inf
30999,inf
31000,inf
31001,inf
31002,inf
31003,inf
31004,inf
31005,inf
31006,inf
31007,inf
31008,inf
31009,inf
31010,inf
31011,inf
31012,inf
31013,inf
31014,inf
31015,inf
31016,inf
31017,inf
31018,inf
31019,inf
31020,inf
31021,inf
31022,inf
31023,inf
31024,inf
31025,inf
31026,inf
31027,inf
31028,inf
31029,inf
31030,inf
31031,inf
31032,inf
31033,inf
31034,inf
31035,inf
31036,inf
31037,inf
31038,inf
31039,inf
31040,inf
31041,inf
31042,inf
31043,inf
31044,inf
31045,inf
31046,inf
31047,inf
31048,inf
31049,inf
31050,inf
31051,inf
31052,inf
31053,inf
31054,inf
31055,inf
31056,inf
31057,inf
31058,inf
31059,inf
31060,inf
31061,inf
31062,inf
31063,inf
31064,inf
31065,inf
31066,inf
31067,inf
31068,inf
31069,inf
31070,inf
31071,inf
31072,inf
31073,inf
31074,inf
31075,inf
31076,inf
31077,inf
31078,inf
31079,inf
31080,inf
31081,inf
31082,inf
31083,inf
31084,inf
31085,inf
31086,inf
31087,inf
31088,inf
31089,inf
31090,inf
31091,inf
31092,inf
31093,inf
31094,inf
31095,inf
31096,inf
31097,inf
31098,inf
31099,inf
31100,inf
31101,inf
31102,inf
31103,inf
31104,inf
31105,inf
31106,inf
31107,inf
31108,inf
31109,inf
31110,inf
31111,inf
31112,inf
31113,inf
31114,inf
31115,inf
31116,inf
31117,inf
31118,inf
31119,inf
31120,inf
31121,inf
31122,inf
31123,inf
31124,inf
31125,inf
31126,inf
31127,inf
31128,inf
31129,inf
31130,inf
31131,inf
31132,inf
31133,inf
31134,inf
31135,inf
31136,inf
31137,inf
31138,inf
31139,inf
31140,inf
31141,inf
31142,inf
31143,inf
31144,inf
31145,inf
31146,inf
31147,inf
31148,inf
31149,inf
31150,inf
31151,inf
31152,inf
31153,inf
31154,inf
31155,inf
31156,inf
31157,inf
31158,inf
31159,inf
31160,inf
31161,inf
31162,inf
31163,inf
31164,inf
31165,inf
31166,inf
31167,inf
31168,inf
31169,inf
31170,inf
31171,inf
31172,inf
31173,inf
31174,inf
31175,inf
31176,inf
31177,inf
31178,inf
31179,inf
31180,inf
31181,inf
31182,inf
31183,inf
31184,inf
31185,inf
31186,inf
31187,inf
31188,inf
31189,inf
31190,inf
31191,inf
31192,inf
31193,inf
31194,inf
31195,inf
31196,inf
31197,inf
31198,inf
31199,inf
31200,inf
31201,inf
31202,inf
31203,inf
31204,inf
31205,inf
31206,inf
31207,inf
31208,inf
31209,inf
31210,inf
31211,inf
31212,inf
31213,inf
31214,inf
31215,inf
31216,inf
31217,inf
31218,inf
31219,inf
31220,inf
31221,inf
31222,inf
31223,inf
31224,inf
31225,inf
31226,inf
31227,inf
31228,inf
31229,inf
31230,inf
31231,inf
31232,inf
31233,inf
31234,inf
31235,inf
31236,inf
31237,inf
31238,inf
31239,inf
31240,inf
31241,inf
31242,inf
31243,inf
31244,inf
31245,inf
31246,inf
31247,inf
31248,inf
31249,inf
31250,inf
31251,inf
31252,inf
31253,inf
31254,inf
31255,inf
31256,inf
31257,inf
31258,inf
31259,inf
31260,inf
31261,inf
31262,inf
31263,inf
31264,inf
31265,inf
31266,inf
31267,inf
31268,inf
31269,inf
31270,inf
31271,inf
31272,inf
31273,inf
31274,inf
31275,inf
31276,inf
31277,inf
31278,inf
31279,inf
31280,inf
31281,inf
31282,inf
31283,inf
31284,inf
31285,inf
31286,inf
31287,inf
31288,inf
31289,inf
31290,inf
31291,inf
31292,inf
31293,inf
31294,inf
31295,inf
31296,inf
31297,inf
31298,inf
31299,inf
31300,inf
31301,inf
31302,inf
31303,inf
31304,inf
31305,inf
31306,inf
31307,inf
31308,inf
31309,inf
31310,inf
31311,inf
31312,inf
31313,inf
31314,inf
31315,inf
31316,inf
31317,inf
31318,inf
31319,inf
31320,inf
31321,inf
31322,inf
31323,inf
31324,inf
31325,inf
31326,inf
31327,inf
31328,inf
31329,inf
31330,inf
31331,inf
31332,inf
31333,inf
31334,inf
31335,inf
31336,inf
31337,inf
31338,inf
31339,inf
31340,inf
31341,inf
31342,inf
31343,inf
31344,inf
31345,inf
31346,inf
31347,inf
31348,inf
31349,inf
31350,inf
31351,inf
31352,inf
31353,inf
31354,inf
31355,inf
31356,inf
31357,inf
31358,inf
31359,inf
31360,inf
31361,inf
31362,inf
31363,inf
31364,inf
31365,inf
31366,inf
31367,inf
31368,inf
31369,inf
31370,inf
31371,inf
31372,inf
31373,inf
31374,inf
31375,inf
31376,inf
31377,inf
31378,inf
31379,inf
31380,inf
31381,inf
31382,inf
31383,inf
31384,inf
31385,inf
31386,inf
31387,inf
31388,inf
31389,inf
31390,inf
31391,inf
31392,inf
31393,inf
31394,inf
31395,inf
31396,inf
31397,inf
31398,inf
31399,inf
31400,inf
31401,inf
31402,inf
31403,inf
31404,inf
31405,inf
31406,inf
31407,inf
31408,inf
31409,inf
31410,inf
31411,inf
31412,inf
31413,inf
31414,inf
31415,inf
31416,inf
31417,inf
31418,inf
31419,inf
31420,inf
31421,inf
31422,inf
31423,inf
31424,inf
31425,inf
31426,inf
31427,inf
31428,inf
31429,inf
31430,inf
31431,inf
31432,inf
31433,inf
31434,inf
31435,inf
31436,inf
31437,inf
31438,inf
31439,inf
31440,inf
31441,inf
31442,inf
31443,inf
31444,inf
31445,inf
31446,inf
31447,inf
31448,inf
31449,inf
31450,inf
31451,inf
31452,inf
31453,inf
31454,inf
31455,inf
31456,inf
31457,inf
31458,inf
31459,inf
31460,inf
31461,inf
31462,inf
31463,inf
31464,inf
31465,inf
31466,inf
31467,inf
31468,inf
31469,inf
31470,inf
31471,inf
31472,inf
31473,inf
31474,inf
31475,inf
31476,inf
31477,inf
31478,inf
31479,inf
31480,inf
31481,inf
31482,inf
31483,inf
31484,inf
31485,inf
31486,inf
31487,inf
31488,inf
31489,inf
31490,inf
31491,inf
31492,inf
31493,inf
31494,inf
31495,inf
31496,inf
31497,inf
31498,inf
31499,inf
31500,inf
31501,inf
31502,inf
31503,inf
31504,inf
31505,inf
31506,inf
31507,inf
31508,inf
31509,inf
31510,inf
31511,inf
31512,inf
31513,inf
31514,inf
31515,inf
31516,inf
31517,inf
31518,inf
31519,inf
31520,inf
31521,inf
31522,inf
31523,inf
31524,inf
31525,inf
31526,inf
31527,inf
31528,inf
31529,inf
31530,inf
31531,inf
31532,inf
31533,inf
31534,inf
31535,inf
31536,inf
31537,inf
31538,inf
31539,inf
31540,inf
31541,inf
31542,inf
31543,inf
31544,inf
31545,inf
31546,inf
31547,inf
31548,inf
31549,inf
31550,inf
31551,inf
31552,inf
31553,inf
31554,inf
31555,inf
31556,inf
31557,inf
31558,inf
31559,inf
31560,inf
31561,inf
31562,inf
31563,inf
31564,inf
31565,inf
31566,inf
31567,inf
31568,inf
31569,inf
31570,inf
31571,inf
31572,inf
31573,inf
31574,inf
31575,inf
31576,inf
31577,inf
31578,inf
31579,inf
31580,inf
31581,inf
31582,inf
31583,inf
31584,inf
31585,inf
31586,inf
31587,inf
31588,inf
31589,inf
31590,inf
31591,inf
31592,inf
31593,inf
31594,inf
31595,inf
31596,inf
31597,inf
31598,inf
31599,inf
31600,inf
31601,inf
31602,inf
31603,inf
31604,inf
31605,inf
31606,inf
31607,inf
31608,inf
31609,inf
31610,inf
31611,inf
31612,inf
31613,inf
31614,inf
31615,inf
31616,inf
31617,inf
31618,inf
31619,inf
31620,inf
31621,inf
31622,inf
31623,inf
31624,inf
31625,inf
31626,inf
31627,inf
31628,inf
31629,inf
31630,inf
31631,inf
31632,inf
31633,inf
31634,inf
31635,inf
31636,inf
31637,inf
31638,inf
31639,inf
31640,inf
31641,inf
31642,inf
31643,inf
31644,inf
31645,inf
31646,inf
31647,inf
31648,inf
31649,inf
31650,inf
31651,inf
31652,inf
31653,inf
31654,inf
31655,inf
31656,inf
31657,inf
31658,inf
31659,inf
31660,inf
31661,inf
31662,inf
31663,inf
31664,inf
31665,inf
31666,inf
31667,inf
31668,inf
31669,inf
31670,inf
31671,inf
31672,inf
31673,inf
31674,inf
31675,inf
31676,inf
31677,inf
31678,inf
31679,inf
31680,inf
31681,inf
31682,inf
31683,inf
31684,inf
31685,inf
31686,inf
31687,inf
31688,inf
31689,inf
31690,inf
31691,inf
31692,inf
31693,inf
31694,inf
31695,inf
31696,inf
31697,inf
31698,inf
31699,inf
31700,inf
31701,inf
31702,inf
31703,inf
31704,inf
31705,inf
31706,inf
31707,inf
31708,inf
31709,inf
31710,inf
31711,inf
31712,inf
31713,inf
31714,inf
31715,inf
31716,inf
31717,inf
31718,inf
31719,inf
31720,inf
31721,inf
31722,inf
31723,inf
31724,inf
31725,inf
31726,inf
31727,inf
31728,inf
31729,inf
31730,inf
31731,inf
31732,inf
31733,inf
31734,inf
31735,inf
31736,inf
31737,inf
31738,inf
31739,inf
31740,inf
31741,inf
31742,inf
31743,inf
31744,inf
31745,inf
31746,inf
31747,inf
31748,inf
31749,inf
31750,inf
31751,inf
31752,inf
31753,inf
31754,inf
31755,inf
31756,inf
31757,inf
31758,inf
31759,inf
31760,inf
31761,inf
31762,inf
31763,inf
31764,inf
31765,inf
31766,inf
31767,inf
31768,inf
31769,inf
31770,inf
31771,inf
31772,inf
31773,inf
31774,inf
31775,inf
31776,inf
31777,inf
31778,inf
31779,inf
31780,inf
31781,inf
31782,inf
31783,inf
31784,inf
31785,inf
31786,inf
31787,inf
31788,inf
31789,inf
31790,inf
31791,inf
31792,inf
31793,inf
31794,inf
31795,inf
31796,inf
31797,inf
31798,inf
31799,inf
31800,inf
31801,inf
31802,inf
31803,inf
31804,inf
31805,inf
31806,inf
31807,inf
31808,inf
31809,inf
31810,inf
31811,inf
31812,inf
31813,inf
31814,inf
31815,inf
31816,inf
31817,inf
31818,inf
31819,inf
31820,inf
31821,inf
31822,inf
31823,inf
31824,inf
31825,inf
31826,inf
31827,inf
31828,inf
31829,inf
31830,inf
31831,inf
31832,inf
31833,inf
31834,inf
31835,inf
31836,inf
31837,inf
31838,inf
31839,inf
31840,inf
31841,inf
31842,inf
31843,inf
31844,inf
31845,inf
31846,inf
31847,inf
31848,inf
31849,inf
31850,inf
31851,inf
31852,inf
31853,inf
31854,inf
31855,inf
31856,inf
31857,inf
31858,inf
31859,inf
31860,inf
31861,inf
31862,inf
31863,inf
31864,inf
31865,inf
31866,inf
31867,inf
31868,inf
31869,inf
31870,inf
31871,inf
31872,inf
31873,inf
31874,inf
31875,inf
31876,inf
31877,inf
31878,inf
31879,inf
31880,inf
31881,inf
31882,inf
31883,inf
31884,inf
31885,inf
31886,inf
31887,inf
31888,inf
31889,inf
31890,inf
31891,inf
31892,inf
31893,inf
31894,inf
31895,inf
31896,inf
31897,inf
31898,inf
31899,inf
31900,inf
31901,inf
31902,inf
31903,inf
31904,inf
31905,inf
31906,inf
31907,inf
31908,inf
31909,inf
31910,inf
31911,inf
31912,inf
31913,inf
31914,inf
31915,inf
31916,inf
31917,inf
31918,inf
31919,inf
31920,inf
31921,inf
31922,inf
31923,inf
31924,inf
31925,inf
31926,inf
31927,inf
31928,inf
31929,inf
31930,inf
31931,inf
31932,inf
31933,inf
31934,inf
31935,inf
31936,inf
31937,inf
31938,inf
31939,inf
31940,inf
31941,inf
31942,inf
31943,inf
31944,inf
31945,inf
31946,inf
31947,inf
31948,inf
31949,inf
31950,inf
31951,inf
31952,inf
31953,inf
31954,inf
31955,inf
31956,inf
31957,inf
31958,inf
31959,inf
31960,inf
31961,inf
31962,inf
31963,inf
31964,inf
31965,inf
31966,inf
31967,inf
31968,inf
31969,inf
31970,inf
31971,inf
31972,inf
31973,inf
31974,inf
31975,inf
31976,inf
31977,inf
31978,inf
31979,inf
31980,inf
31981,inf
31982,inf
31983,inf
31984,inf
31985,inf
31986,inf
31987,inf
31988,inf
31989,inf
31990,inf
31991,inf
31992,inf
31993,inf
31994,inf
31995,inf
31996,inf
31997,inf
31998,inf
31999,inf
32000,inf
32001,inf
32002,inf
32003,inf
32004,inf
32005,inf
32006,inf
32007,inf
32008,inf
32009,inf
32010,inf
32011,inf
32012,inf
32013,inf
32014,inf
32015,inf
32016,inf
32017,inf
32018,inf
32019,inf
32020,inf
32021,inf
32022,inf
32023,inf
32024,inf
32025,inf
32026,inf
32027,inf
32028,inf
32029,inf
32030,inf
32031,inf
32032,inf
32033,inf
32034,inf
32035,inf
32036,inf
32037,inf
32038,inf
32039,inf
32040,inf
32041,inf
32042,inf
32043,inf
32044,inf
32045,inf
32046,inf
32047,inf
32048,inf
32049,inf
32050,inf
32051,inf
32052,inf
32053,inf
32054,inf
32055,inf
32056,inf
32057,inf
32058,inf
32059,inf
32060,inf
32061,inf
32062,inf
32063,inf
32064,inf
32065,inf
32066,inf
32067,inf
32068,inf
32069,inf
32070,inf
32071,inf
32072,inf
32073,inf
32074,inf
32075,inf
32076,inf
32077,inf
32078,inf
32079,inf
32080,inf
32081,inf
32082,inf
32083,inf
32084,inf
32085,inf
32086,inf
32087,inf
32088,inf
32089,inf
32090,inf
32091,inf
32092,inf
32093,inf
32094,inf
32095,inf
32096,inf
32097,inf
32098,inf
32099,inf
32100,inf
32101,inf
32102,inf
32103,inf
32104,inf
32105,inf
32106,inf
32107,inf
32108,inf
32109,inf
32110,inf
32111,inf
32112,inf
32113,inf
32114,inf
32115,inf
32116,inf
32117,inf
32118,inf
32119,inf
32120,inf
32121,inf
32122,inf
32123,inf
32124,inf
32125,inf
32126,inf
32127,inf
32128,inf
32129,inf
32130,inf
32131,inf
32132,inf
32133,inf
32134,inf
32135,inf
32136,inf
32137,inf
32138,inf
32139,inf
32140,inf
32141,inf
32142,inf
32143,inf
32144,inf
32145,inf
32146,inf
32147,inf
32148,inf
32149,inf
32150,inf
32151,inf
32152,inf
32153,inf
32154,inf
32155,inf
32156,inf
32157,inf
32158,inf
32159,inf
32160,inf
32161,inf
32162,inf
32163,inf
32164,inf
32165,inf
32166,inf
32167,inf
32168,inf
32169,inf
32170,inf
32171,inf
32172,inf
32173,inf
32174,inf
32175,inf
32176,inf
32177,inf
32178,inf
32179,inf
32180,inf
32181,inf
32182,inf
32183,inf
32184,inf
32185,inf
32186,inf
32187,inf
32188,inf
32189,inf
32190,inf
32191,inf
32192,inf
32193,inf
32194,inf
32195,inf
32196,inf
32197,inf
32198,inf
32199,inf
32200,inf
32201,inf
32202,inf
32203,inf
32204,inf
32205,inf
32206,inf
32207,inf
32208,inf
32209,inf
32210,inf
32211,inf
32212,inf
32213,inf
32214,inf
32215,inf
32216,inf
32217,inf
32218,inf
32219,inf
32220,inf
32221,inf
32222,inf
32223,inf
32224,inf
32225,inf
32226,inf
32227,inf
32228,inf
32229,inf
32230,inf
32231,inf
32232,inf
32233,inf
32234,inf
32235,inf
32236,inf
32237,inf
32238,inf
32239,inf
32240,inf
32241,inf
32242,inf
32243,inf
32244,inf
32245,inf
32246,inf
32247,inf
32248,inf
32249,inf
32250,inf
32251,inf
32252,inf
32253,inf
32254,inf
32255,inf
32256,inf
32257,inf
32258,inf
32259,inf
32260,inf
32261,inf
32262,inf
32263,inf
32264,inf
32265,inf
32266,inf
32267,inf
32268,inf
32269,inf
32270,inf
32271,inf
32272,inf
32273,inf
32274,inf
32275,inf
32276,inf
32277,inf
32278,inf
32279,inf
32280,inf
32281,inf
32282,inf
32283,inf
32284,inf
32285,inf
32286,inf
32287,inf
32288,inf
32289,inf
32290,inf
32291,inf
32292,inf
32293,inf
32294,inf
32295,inf
32296,inf
32297,inf
32298,inf
32299,inf
32300,inf
32301,inf
32302,inf
32303,inf
32304,inf
32305,inf
32306,inf
32307,inf
32308,inf
32309,inf
32310,inf
32311,inf
32312,inf
32313,inf
32314,inf
32315,inf
32316,inf
32317,inf
32318,inf
32319,inf
32320,inf
32321,inf
32322,inf
32323,inf
32324,inf
32325,inf
32326,inf
32327,inf
32328,inf
32329,inf
32330,inf
32331,inf
32332,inf
32333,inf
32334,inf
32335,inf
32336,inf
32337,inf
32338,inf
32339,inf
32340,inf
32341,inf
32342,inf
32343,inf
32344,inf
32345,inf
32346,inf
32347,inf
32348,inf
32349,inf
32350,inf
32351,inf
32352,inf
32353,inf
32354,inf
32355,inf
32356,inf
32357,inf
32358,inf
32359,inf
32360,inf
32361,inf
32362,inf
32363,inf
32364,inf
32365,inf
32366,inf
32367,inf
32368,inf
32369,inf
32370,inf
32371,inf
32372,inf
32373,inf
32374,inf
32375,inf
32376,inf
32377,inf
32378,inf
32379,inf
32380,inf
32381,inf
32382,inf
32383,inf
32384,inf
32385,inf
32386,inf
32387,inf
32388,inf
32389,inf
32390,inf
32391,inf
32392,inf
32393,inf
32394,inf
32395,inf
32396,inf
32397,inf
32398,inf
32399,inf
32400,inf
32401,inf
32402,inf
32403,inf
32404,inf
32405,inf
32406,inf
32407,inf
32408,inf
32409,inf
32410,inf
32411,inf
32412,inf
32413,inf
32414,inf
32415,inf
32416,inf
32417,inf
32418,inf
32419,inf
32420,inf
32421,inf
32422,inf
32423,inf
32424,inf
32425,inf
32426,inf
32427,inf
32428,inf
32429,inf
32430,inf
32431,inf
32432,inf
32433,inf
32434,inf
32435,inf
32436,inf
32437,inf
32438,inf
32439,inf
32440,inf
32441,inf
32442,inf
32443,inf
32444,inf
32445,inf
32446,inf
32447,inf
32448,inf
32449,inf
32450,inf
32451,inf
32452,inf
32453,inf
32454,inf
32455,inf
32456,inf
32457,inf
32458,inf
32459,inf
32460,inf
32461,inf
32462,inf
32463,inf
32464,inf
32465,inf
32466,inf
32467,inf
32468,inf
32469,inf
32470,inf
32471,inf
32472,inf
32473,inf
32474,inf
32475,inf
32476,inf
32477,inf
32478,inf
32479,inf
32480,inf
32481,inf
32482,inf
32483,inf
32484,inf
32485,inf
32486,inf
32487,inf
32488,inf
32489,inf
32490,inf
32491,inf
32492,inf
32493,inf
32494,inf
32495,inf
32496,inf
32497,inf
32498,inf
32499,inf
32500,inf
32501,inf
32502,inf
32503,inf
32504,inf
32505,inf
32506,inf
32507,inf
32508,inf
32509,inf
32510,inf
32511,inf
32512,inf
32513,inf
32514,inf
32515,inf
32516,inf
32517,inf
32518,inf
32519,inf
32520,inf
32521,inf
32522,inf
32523,inf
32524,inf
32525,inf
32526,inf
32527,inf
32528,inf
32529,inf
32530,inf
32531,inf
32532,inf
32533,inf
32534,inf
32535,inf
32536,inf
32537,inf
32538,inf
32539,inf
32540,inf
32541,inf
32542,inf
32543,inf
32544,inf
32545,inf
32546,inf
32547,inf
32548,inf
32549,inf
32550,inf
32551,inf
32552,inf
32553,inf
32554,inf
32555,inf
32556,inf
32557,inf
32558,inf
32559,inf
32560,inf
32561,inf
32562,inf
32563,inf
32564,inf
32565,inf
32566,inf
32567,inf
32568,inf
32569,inf
32570,inf
32571,inf
32572,inf
32573,inf
32574,inf
32575,inf
32576,inf
32577,inf
32578,inf
32579,inf
32580,inf
32581,inf
32582,inf
32583,inf
32584,inf
32585,inf
32586,inf
32587,inf
32588,inf
32589,inf
32590,inf
32591,inf
32592,inf
32593,inf
32594,inf
32595,inf
32596,inf
32597,inf
32598,inf
32599,inf
32600,inf
32601,inf
32602,inf
32603,inf
32604,inf
32605,inf
32606,inf
32607,inf
32608,inf
32609,inf
32610,inf
32611,inf
32612,inf
32613,inf
32614,inf
32615,inf
32616,inf
32617,inf
32618,inf
32619,inf
32620,inf
32621,inf
32622,inf
32623,inf
32624,inf
32625,inf
32626,inf
32627,inf
32628,inf
32629,inf
32630,inf
32631,inf
32632,inf
32633,inf
32634,inf
32635,inf
32636,inf
32637,inf
32638,inf
32639,inf
32640,inf
32641,inf
32642,inf
32643,inf
32644,inf
32645,inf
32646,inf
32647,inf
32648,inf
32649,inf
32650,inf
32651,inf
32652,inf
32653,inf
32654,inf
32655,inf
32656,inf
32657,inf
32658,inf
32659,inf
32660,inf
32661,inf
32662,inf
32663,inf
32664,inf
32665,inf
32666,inf
32667,inf
32668,inf
32669,inf
32670,inf
32671,inf
32672,inf
32673,inf
32674,inf
32675,inf
32676,inf
32677,inf
32678,inf
32679,inf
32680,inf
32681,inf
32682,inf
32683,inf
32684,inf
32685,inf
32686,inf
32687,inf
32688,inf
32689,inf
32690,inf
32691,inf
32692,inf
32693,inf
32694,inf
32695,inf
32696,inf
32697,inf
32698,inf
32699,inf
32700,inf
32701,inf
32702,inf
32703,inf
32704,inf
32705,inf
32706,inf
32707,inf
32708,inf
32709,inf
32710,inf
32711,inf
32712,inf
32713,inf
32714,inf
32715,inf
32716,inf
32717,inf
32718,inf
32719,inf
32720,inf
32721,inf
32722,inf
32723,inf
32724,inf
32725,inf
32726,inf
32727,inf
32728,inf
32729,inf
32730,inf
32731,inf
32732,inf
32733,inf
32734,inf
32735,inf
32736,inf
32737,inf
32738,inf
32739,inf
32740,inf
32741,inf
32742,inf
32743,inf
32744,inf
32745,inf
32746,inf
32747,inf
32748,inf
32749,inf
32750,inf
32751,inf
32752,inf
32753,inf
32754,inf
32755,inf
32756,inf
32757,inf
32758,inf
32759,inf
32760,inf
32761,inf
32762,inf
32763,inf
32764,inf
32765,inf
32766,inf
32767,inf
32768,inf
32769,inf
32770,inf
32771,inf
32772,inf
32773,inf
32774,inf
32775,inf
32776,inf
32777,inf
32778,inf
32779,inf
32780,inf
32781,inf
32782,inf
32783,inf
32784,inf
32785,inf
32786,inf
32787,inf
32788,inf
32789,inf
32790,inf
32791,inf
32792,inf
32793,inf
32794,inf
32795,inf
32796,inf
32797,inf
32798,inf
32799,inf
32800,inf
32801,inf
32802,inf
32803,inf
32804,inf
32805,inf
32806,inf
32807,inf
32808,inf
32809,inf
32810,inf
32811,inf
32812,inf
32813,inf
32814,inf
32815,inf
32816,inf
32817,inf
32818,inf
32819,inf
32820,inf
32821,inf
32822,inf
32823,inf
32824,inf
32825,inf
32826,inf
32827,inf
32828,inf
32829,inf
32830,inf
32831,inf
32832,inf
32833,inf
32834,inf
32835,inf
32836,inf
32837,inf
32838,inf
32839,inf
32840,inf
32841,inf
32842,inf
32843,inf
32844,inf
32845,inf
32846,inf
32847,inf
32848,inf
32849,inf
32850,inf
32851,inf
32852,inf
32853,inf
32854,inf
32855,inf
32856,inf
32857,inf
32858,inf
32859,inf
32860,inf
32861,inf
32862,inf
32863,inf
32864,inf
32865,inf
32866,inf
32867,inf
32868,inf
32869,inf
32870,inf
32871,inf
32872,inf
32873,inf
32874,inf
32875,inf
32876,inf
32877,inf
32878,inf
32879,inf
32880,inf
32881,inf
32882,inf
32883,inf
32884,inf
32885,inf
32886,inf
32887,inf
32888,inf
32889,inf
32890,inf
32891,inf
32892,inf
32893,inf
32894,inf
32895,inf
32896,inf
32897,inf
32898,inf
32899,inf
32900,inf
32901,inf
32902,inf
32903,inf
32904,inf
32905,inf
32906,inf
32907,inf
32908,inf
32909,inf
32910,inf
32911,inf
32912,inf
32913,inf
32914,inf
32915,inf
32916,inf
32917,inf
32918,inf
32919,inf
32920,inf
32921,inf
32922,inf
32923,inf
32924,inf
32925,inf
32926,inf
32927,inf
32928,inf
32929,inf
32930,inf
32931,inf
32932,inf
32933,inf
32934,inf
32935,inf
32936,inf
32937,inf
32938,inf
32939,inf
32940,inf
32941,inf
32942,inf
32943,inf
32944,inf
32945,inf
32946,inf
32947,inf
32948,inf
32949,inf
32950,inf
32951,inf
32952,inf
32953,inf
32954,inf
32955,inf
32956,inf
32957,inf
32958,inf
32959,inf
32960,inf
32961,inf
32962,inf
32963,inf
32964,inf
32965,inf
32966,inf
32967,inf
32968,inf
32969,inf
32970,inf
32971,inf
32972,inf
32973,inf
32974,inf
32975,inf
32976,inf
32977,inf
32978,inf
32979,inf
32980,inf
32981,inf
32982,inf
32983,inf
32984,inf
32985,inf
32986,inf
32987,inf
32988,inf
32989,inf
32990,inf
32991,inf
32992,inf
32993,inf
32994,inf
32995,inf
32996,inf
32997,inf
32998,inf
32999,inf
33000,inf
33001,inf
33002,inf
33003,inf
33004,inf
33005,inf
33006,inf
33007,inf
33008,inf
33009,inf
33010,inf
33011,inf
33012,inf
33013,inf
33014,inf
33015,inf
33016,inf
33017,inf
33018,inf
33019,inf
33020,inf
33021,inf
33022,inf
33023,inf
33024,inf
33025,inf
33026,inf
33027,inf
33028,inf
33029,inf
33030,inf
33031,inf
33032,inf
33033,inf
33034,inf
33035,inf
33036,inf
33037,inf
33038,inf
33039,inf
33040,inf
33041,inf
33042,inf
33043,inf
33044,inf
33045,inf
33046,inf
33047,inf
33048,inf
33049,inf
33050,inf
33051,inf
33052,inf
33053,inf
33054,inf
33055,inf
33056,inf
33057,inf
33058,inf
33059,inf
33060,inf
33061,inf
33062,inf
33063,inf
33064,inf
33065,inf
33066,inf
33067,inf
33068,inf
33069,inf
33070,inf
33071,inf
33072,inf
33073,inf
33074,inf
33075,inf
33076,inf
33077,inf
33078,inf
33079,inf
33080,inf
33081,inf
33082,inf
33083,inf
33084,inf
33085,inf
33086,inf
33087,inf
33088,inf
33089,inf
33090,inf
33091,inf
33092,inf
33093,inf
33094,inf
33095,inf
33096,inf
33097,inf
33098,inf
33099,inf
33100,inf
33101,inf
33102,inf
33103,inf
33104,inf
33105,inf
33106,inf
33107,inf
33108,inf
33109,inf
33110,inf
33111,inf
33112,inf
33113,inf
33114,inf
33115,inf
33116,inf
33117,inf
33118,inf
33119,inf
33120,inf
33121,inf
33122,inf
33123,inf
33124,inf
33125,inf
33126,inf
33127,inf
33128,inf
33129,inf
33130,inf
33131,inf
33132,inf
33133,inf
33134,inf
33135,inf
33136,inf
33137,inf
33138,inf
33139,inf
33140,inf
33141,inf
33142,inf
33143,inf
33144,inf
33145,inf
33146,inf
33147,inf
33148,inf
33149,inf
33150,inf
33151,inf
33152,inf
33153,inf
33154,inf
33155,inf
33156,inf
33157,inf
33158,inf
33159,inf
33160,inf
33161,inf
33162,inf
33163,inf
33164,inf
33165,inf
33166,inf
33167,inf
33168,inf
33169,inf
33170,inf
33171,inf
33172,inf
33173,inf
33174,inf
33175,inf
33176,inf
33177,inf
33178,inf
33179,inf
33180,inf
33181,inf
33182,inf
33183,inf
33184,inf
33185,inf
33186,inf
33187,inf
33188,inf
33189,inf
33190,inf
33191,inf
33192,inf
33193,inf
33194,inf
33195,inf
33196,inf
33197,inf
33198,inf
33199,inf
33200,inf
33201,inf
33202,inf
33203,inf
33204,inf
33205,inf
33206,inf
33207,inf
33208,inf
33209,inf
33210,inf
33211,inf
33212,inf
33213,inf
33214,inf
33215,inf
33216,inf
33217,inf
33218,inf
33219,inf
33220,inf
33221,inf
33222,inf
33223,inf
33224,inf
33225,inf
33226,inf
33227,inf
33228,inf
33229,inf
33230,inf
33231,inf
33232,inf
33233,inf
33234,inf
33235,inf
33236,inf
33237,inf
33238,inf
33239,inf
33240,inf
33241,inf
33242,inf
33243,inf
33244,inf
33245,inf
33246,inf
33247,inf
33248,inf
33249,inf
33250,inf
33251,inf
33252,inf
33253,inf
33254,inf
33255,inf
33256,inf
33257,inf
33258,inf
33259,inf
33260,inf
33261,inf
33262,inf
33263,inf
33264,inf
33265,inf
33266,inf
33267,inf
33268,inf
33269,inf
33270,inf
33271,inf
33272,inf
33273,inf
33274,inf
33275,inf
33276,inf
33277,inf
33278,inf
33279,inf
33280,inf
33281,inf
33282,inf
33283,inf
33284,inf
33285,inf
33286,inf
33287,inf
33288,inf
33289,inf
33290,inf
33291,inf
33292,inf
33293,inf
33294,inf
33295,inf
33296,inf
33297,inf
33298,inf
33299,inf
33300,inf
33301,inf
33302,inf
33303,inf
33304,inf
33305,inf
33306,inf
33307,inf
33308,inf
33309,inf
33310,inf
33311,inf
33312,inf
33313,inf
33314,inf
33315,inf
33316,inf
33317,inf
33318,inf
33319,inf
33320,inf
33321,inf
33322,inf
33323,inf
33324,inf
33325,inf
33326,inf
33327,inf
33328,inf
33329,inf
33330,inf
33331,inf
33332,inf
33333,inf
33334,inf
33335,inf
33336,inf
33337,inf
33338,inf
33339,inf
33340,inf
33341,inf
33342,inf
33343,inf
33344,inf
33345,inf
33346,inf
33347,inf
33348,inf
33349,inf
33350,inf
33351,inf
33352,inf
33353,inf
33354,inf
33355,inf
33356,inf
33357,inf
33358,inf
33359,inf
33360,inf
33361,inf
33362,inf
33363,inf
33364,inf
33365,inf
33366,inf
33367,inf
33368,inf
33369,inf
33370,inf
33371,inf
33372,inf
33373,inf
33374,inf
33375,inf
33376,inf
33377,inf
33378,inf
33379,inf
33380,inf
33381,inf
33382,inf
33383,inf
33384,inf
33385,inf
33386,inf
33387,inf
33388,inf
33389,inf
33390,inf
33391,inf
33392,inf
33393,inf
33394,inf
33395,inf
33396,inf
33397,inf
33398,inf
33399,inf
33400,inf
33401,inf
33402,inf
33403,inf
33404,inf
33405,inf
33406,inf
33407,inf
33408,inf
33409,inf
33410,inf
33411,inf
33412,inf
33413,inf
33414,inf
33415,inf
33416,inf
33417,inf
33418,inf
33419,inf
33420,inf
33421,inf
33422,inf
33423,inf
33424,inf
33425,inf
33426,inf
33427,inf
33428,inf
33429,inf
33430,inf
33431,inf
33432,inf
33433,inf
33434,inf
33435,inf
33436,inf
33437,inf
33438,inf
33439,inf
33440,inf
33441,inf
33442,inf
33443,inf
33444,inf
33445,inf
33446,inf
33447,inf
33448,inf
33449,inf
33450,inf
33451,inf
33452,inf
33453,inf
33454,inf
33455,inf
33456,inf
33457,inf
33458,inf
33459,inf
33460,inf
33461,inf
33462,inf
33463,inf
33464,inf
33465,inf
33466,inf
33467,inf
33468,inf
33469,inf
33470,inf
33471,inf
33472,inf
33473,inf
33474,inf
33475,inf
33476,inf
33477,inf
33478,inf
33479,inf
33480,inf
33481,inf
33482,inf
33483,inf
33484,inf
33485,inf
33486,inf
33487,inf
33488,inf
33489,inf
33490,inf
33491,inf
33492,inf
33493,inf
33494,inf
33495,inf
33496,inf
33497,inf
33498,inf
33499,inf
33500,inf
33501,inf
33502,inf
33503,inf
33504,inf
33505,inf
33506,inf
33507,inf
33508,inf
33509,inf
33510,inf
33511,inf
33512,inf
33513,inf
33514,inf
33515,inf
33516,inf
33517,inf
33518,inf
33519,inf
33520,inf
33521,inf
33522,inf
33523,inf
33524,inf
33525,inf
33526,inf
33527,inf
33528,inf
33529,inf
33530,inf
33531,inf
33532,inf
33533,inf
33534,inf
33535,inf
33536,inf
33537,inf
33538,inf
33539,inf
33540,inf
33541,inf
33542,inf
33543,inf
33544,inf
33545,inf
33546,inf
33547,inf
33548,inf
33549,inf
33550,inf
33551,inf
33552,inf
33553,inf
33554,inf
33555,inf
33556,inf
33557,inf
33558,inf
33559,inf
33560,inf
33561,inf
33562,inf
33563,inf
33564,inf
33565,inf
33566,inf
33567,inf
33568,inf
33569,inf
33570,inf
33571,inf
33572,inf
33573,inf
33574,inf
33575,inf
33576,inf
33577,inf
33578,inf
33579,inf
33580,inf
33581,inf
33582,inf
33583,inf
33584,inf
33585,inf
33586,inf
33587,inf
33588,inf
33589,inf
33590,inf
33591,inf
33592,inf
33593,inf
33594,inf
33595,inf
33596,inf
33597,inf
33598,inf
33599,inf
33600,inf
33601,inf
33602,inf
33603,inf
33604,inf
33605,inf
33606,inf
33607,inf
33608,inf
33609,inf
33610,inf
33611,inf
33612,inf
33613,inf
33614,inf
33615,inf
33616,inf
33617,inf
33618,inf
33619,inf
33620,inf
33621,inf
33622,inf
33623,inf
33624,inf
33625,inf
33626,inf
33627,inf
33628,inf
33629,inf
33630,inf
33631,inf
33632,inf
33633,inf
33634,inf
33635,inf
33636,inf
33637,inf
33638,inf
33639,inf
33640,inf
33641,inf
33642,inf
33643,inf
33644,inf
33645,inf
33646,inf
33647,inf
33648,inf
33649,inf
33650,inf
33651,inf
33652,inf
33653,inf
33654,inf
33655,inf
33656,inf
33657,inf
33658,inf
33659,inf
33660,inf
33661,inf
33662,inf
33663,inf
33664,inf
33665,inf
33666,inf
33667,inf
33668,inf
33669,inf
33670,inf
33671,inf
33672,inf
33673,inf
33674,inf
33675,inf
33676,inf
33677,inf
33678,inf
33679,inf
33680,inf
33681,inf
33682,inf
33683,inf
33684,inf
33685,inf
33686,inf
33687,inf
33688,inf
33689,inf
33690,inf
33691,inf
33692,inf
33693,inf
33694,inf
33695,inf
33696,inf
33697,inf
33698,inf
33699,inf
33700,inf
33701,inf
33702,inf
33703,inf
33704,inf
33705,inf
33706,inf
33707,inf
33708,inf
33709,inf
33710,inf
33711,inf
33712,inf
33713,inf
33714,inf
33715,inf
33716,inf
33717,inf
33718,inf
33719,inf
33720,inf
33721,inf
33722,inf
33723,inf
33724,inf
33725,inf
33726,inf
33727,inf
33728,inf
33729,inf
33730,inf
33731,inf
33732,inf
33733,inf
33734,inf
33735,inf
33736,inf
33737,inf
33738,inf
33739,inf
33740,inf
33741,inf
33742,inf
33743,inf
33744,inf
33745,inf
33746,inf
33747,inf
33748,inf
33749,inf
33750,inf
33751,inf
33752,inf
33753,inf
33754,inf
33755,inf
33756,inf
33757,inf
33758,inf
33759,inf
33760,inf
33761,inf
33762,inf
33763,inf
33764,inf
33765,inf
33766,inf
33767,inf
33768,inf
33769,inf
33770,inf
33771,inf
33772,inf
33773,inf
33774,inf
33775,inf
33776,inf
33777,inf
33778,inf
33779,inf
33780,inf
33781,inf
33782,inf
33783,inf
33784,inf
33785,inf
33786,inf
33787,inf
33788,inf
33789,inf
33790,inf
33791,inf
33792,inf
33793,inf
33794,inf
33795,inf
33796,inf
33797,inf
33798,inf
33799,inf
33800,inf
33801,inf
33802,inf
33803,inf
33804,inf
33805,inf
33806,inf
33807,inf
33808,inf
33809,inf
33810,inf
33811,inf
33812,inf
33813,inf
33814,inf
33815,inf
33816,inf
33817,inf
33818,inf
33819,inf
33820,inf
33821,inf
33822,inf
33823,inf
33824,inf
33825,inf
33826,inf
33827,inf
33828,inf
33829,inf
33830,inf
33831,inf
33832,inf
33833,inf
33834,inf
33835,inf
33836,inf
33837,inf
33838,inf
33839,inf
33840,inf
33841,inf
33842,inf
33843,inf
33844,inf
33845,inf
33846,inf
33847,inf
33848,inf
33849,inf
33850,inf
33851,inf
33852,inf
33853,inf
33854,inf
33855,inf
33856,inf
33857,inf
33858,inf
33859,inf
33860,inf
33861,inf
33862,inf
33863,inf
33864,inf
33865,inf
33866,inf
33867,inf
33868,inf
33869,inf
33870,inf
33871,inf
33872,inf
33873,inf
33874,inf
33875,inf
33876,inf
33877,inf
33878,inf
33879,inf
33880,inf
33881,inf
33882,inf
33883,inf
33884,inf
33885,inf
33886,inf
33887,inf
33888,inf
33889,inf
33890,inf
33891,inf
33892,inf
33893,inf
33894,inf
33895,inf
33896,inf
33897,inf
33898,inf
33899,inf
33900,inf
33901,inf
33902,inf
33903,inf
33904,inf
33905,inf
33906,inf
33907,inf
33908,inf
33909,inf
33910,inf
33911,inf
33912,inf
33913,inf
33914,inf
33915,inf
33916,inf
33917,inf
33918,inf
33919,inf
33920,inf
33921,inf
33922,inf
33923,inf
33924,inf
33925,inf
33926,inf
33927,inf
33928,inf
33929,inf
33930,inf
33931,inf
33932,inf
33933,inf
33934,inf
33935,inf
33936,inf
33937,inf
33938,inf
33939,inf
33940,inf
33941,inf
33942,inf
33943,inf
33944,inf
33945,inf
33946,inf
33947,inf
33948,inf
33949,inf
33950,inf
33951,inf
33952,inf
33953,inf
33954,inf
33955,inf
33956,inf
33957,inf
33958,inf
33959,inf
33960,inf
33961,inf
33962,inf
33963,inf
33964,inf
33965,inf
33966,inf
33967,inf
33968,inf
33969,inf
33970,inf
33971,inf
33972,inf
33973,inf
33974,inf
33975,inf
33976,inf
33977,inf
33978,inf
33979,inf
33980,inf
33981,inf
33982,inf
33983,inf
33984,inf
33985,inf
33986,inf
33987,inf
33988,inf
33989,inf
33990,inf
33991,inf
33992,inf
33993,inf
33994,inf
33995,inf
33996,inf
33997,inf
33998,inf
33999,inf
34000,inf
34001,inf
34002,inf
34003,inf
34004,inf
34005,inf
34006,inf
34007,inf
34008,inf
34009,inf
34010,inf
34011,inf
34012,inf
34013,inf
34014,inf
34015,inf
34016,inf
34017,inf
34018,inf
34019,inf
34020,inf
34021,inf
34022,inf
34023,inf
34024,inf
34025,inf
34026,inf
34027,inf
34028,inf
34029,inf
34030,inf
34031,inf
34032,inf
34033,inf
34034,inf
34035,inf
34036,inf
34037,inf
34038,inf
34039,inf
34040,inf
34041,inf
34042,inf
34043,inf
34044,inf
34045,inf
34046,inf
34047,inf
34048,inf
34049,inf
34050,inf
34051,inf
34052,inf
34053,inf
34054,inf
34055,inf
34056,inf
34057,inf
34058,inf
34059,inf
34060,inf
34061,inf
34062,inf
34063,inf
34064,inf
34065,inf
34066,inf
34067,inf
34068,inf
34069,inf
34070,inf
34071,inf
34072,inf
34073,inf
34074,inf
34075,inf
34076,inf
34077,inf
34078,inf
34079,inf
34080,inf
34081,inf
34082,inf
34083,inf
34084,inf
34085,inf
34086,inf
34087,inf
34088,inf
34089,inf
34090,inf
34091,inf
34092,inf
34093,inf
34094,inf
34095,inf
34096,inf
34097,inf
34098,inf
34099,inf
34100,inf
34101,inf
34102,inf
34103,inf
34104,inf
34105,inf
34106,inf
34107,inf
34108,inf
34109,inf
34110,inf
34111,inf
34112,inf
34113,inf
34114,inf
34115,inf
34116,inf
34117,inf
34118,inf
34119,inf
34120,inf
34121,inf
34122,inf
34123,inf
34124,inf
34125,inf
34126,inf
34127,inf
34128,inf
34129,inf
34130,inf
34131,inf
34132,inf
34133,inf
34134,inf
34135,inf
34136,inf
34137,inf
34138,inf
34139,inf
34140,inf
34141,inf
34142,inf
34143,inf
34144,inf
34145,inf
34146,inf
34147,inf
34148,inf
34149,inf
34150,inf
34151,inf
34152,inf
34153,inf
34154,inf
34155,inf
34156,inf
34157,inf
34158,inf
34159,inf
34160,inf
34161,inf
34162,inf
34163,inf
34164,inf
34165,inf
34166,inf
34167,inf
34168,inf
34169,inf
34170,inf
34171,inf
34172,inf
34173,inf
34174,inf
34175,inf
34176,inf
34177,inf
34178,inf
34179,inf
34180,inf
34181,inf
34182,inf
34183,inf
34184,inf
34185,inf
34186,inf
34187,inf
34188,inf
34189,inf
34190,inf
34191,inf
34192,inf
34193,inf
34194,inf
34195,inf
34196,inf
34197,inf
34198,inf
34199,inf
34200,inf
34201,inf
34202,inf
34203,inf
34204,inf
34205,inf
34206,inf
34207,inf
34208,inf
34209,inf
34210,inf
34211,inf
34212,inf
34213,inf
34214,inf
34215,inf
34216,inf
34217,inf
34218,inf
34219,inf
34220,inf
34221,inf
34222,inf
34223,inf
34224,inf
34225,inf
34226,inf
34227,inf
34228,inf
34229,inf
34230,inf
34231,inf
34232,inf
34233,inf
34234,inf
34235,inf
34236,inf
34237,inf
34238,inf
34239,inf
34240,inf
34241,inf
34242,inf
34243,inf
34244,inf
34245,inf
34246,inf
34247,inf
34248,inf
34249,inf
34250,inf
34251,inf
34252,inf
34253,inf
34254,inf
34255,inf
34256,inf
34257,inf
34258,inf
34259,inf
34260,inf
34261,inf
34262,inf
34263,inf
34264,inf
34265,inf
34266,inf
34267,inf
34268,inf
34269,inf
34270,inf
34271,inf
34272,inf
34273,inf
34274,inf
34275,inf
34276,inf
34277,inf
34278,inf
34279,inf
34280,inf
34281,inf
34282,inf
34283,inf
34284,inf
34285,inf
34286,inf
34287,inf
34288,inf
34289,inf
34290,inf
34291,inf
34292,inf
34293,inf
34294,inf
34295,inf
34296,inf
34297,inf
34298,inf
34299,inf
34300,inf
34301,inf
34302,inf
34303,inf
34304,inf
34305,inf
34306,inf
34307,inf
34308,inf
34309,inf
34310,inf
34311,inf
34312,inf
34313,inf
34314,inf
34315,inf
34316,inf
34317,inf
34318,inf
34319,inf
34320,inf
34321,inf
34322,inf
34323,inf
34324,inf
34325,inf
34326,inf
34327,inf
34328,inf
34329,inf
34330,inf
34331,inf
34332,inf
34333,inf
34334,inf
34335,inf
34336,inf
34337,inf
34338,inf
34339,inf
34340,inf
34341,inf
34342,inf
34343,inf
34344,inf
34345,inf
34346,inf
34347,inf
34348,inf
34349,inf
34350,inf
34351,inf
34352,inf
34353,inf
34354,inf
34355,inf
34356,inf
34357,inf
34358,inf
34359,inf
34360,inf
34361,inf
34362,inf
34363,inf
34364,inf
34365,inf
34366,inf
34367,inf
34368,inf
34369,inf
34370,inf
34371,inf
34372,inf
34373,inf
34374,inf
34375,inf
34376,inf
34377,inf
34378,inf
34379,inf
34380,inf
34381,inf
34382,inf
34383,inf
34384,inf
34385,inf
34386,inf
34387,inf
34388,inf
34389,inf
34390,inf
34391,inf
34392,inf
34393,inf
34394,inf
34395,inf
34396,inf
34397,inf
34398,inf
34399,inf
34400,inf
34401,inf
34402,inf
34403,inf
34404,inf
34405,inf
34406,inf
34407,inf
34408,inf
34409,inf
34410,inf
34411,inf
34412,inf
34413,inf
34414,inf
34415,inf
34416,inf
34417,inf
34418,inf
34419,inf
34420,inf
34421,inf
34422,inf
34423,inf
34424,inf
34425,inf
34426,inf
34427,inf
34428,inf
34429,inf
34430,inf
34431,inf
34432,inf
34433,inf
34434,inf
34435,inf
34436,inf
34437,inf
34438,inf
34439,inf
34440,inf
34441,inf
34442,inf
34443,inf
34444,inf
34445,inf
34446,inf
34447,inf
34448,inf
34449,inf
34450,inf
34451,inf
34452,inf
34453,inf
34454,inf
34455,inf
34456,inf
34457,inf
34458,inf
34459,inf
34460,inf
34461,inf
34462,inf
34463,inf
34464,inf
34465,inf
34466,inf
34467,inf
34468,inf
34469,inf
34470,inf
34471,inf
34472,inf
34473,inf
34474,inf
34475,inf
34476,inf
34477,inf
34478,inf
34479,inf
34480,inf
34481,inf
34482,inf
34483,inf
34484,inf
34485,inf
34486,inf
34487,inf
34488,inf
34489,inf
34490,inf
34491,inf
34492,inf
34493,inf
34494,inf
34495,inf
34496,inf
34497,inf
34498,inf
34499,inf
34500,inf
34501,inf
34502,inf
34503,inf
34504,inf
34505,inf
34506,inf
34507,inf
34508,inf
34509,inf
34510,inf
34511,inf
34512,inf
34513,inf
34514,inf
34515,inf
34516,inf
34517,inf
34518,inf
34519,inf
34520,inf
34521,inf
34522,inf
34523,inf
34524,inf
34525,inf
34526,inf
34527,inf
34528,inf
34529,inf
34530,inf
34531,inf
34532,inf
34533,inf
34534,inf
34535,inf
34536,inf
34537,inf
34538,inf
34539,inf
34540,inf
34541,inf
34542,inf
34543,inf
34544,inf
34545,inf
34546,inf
34547,inf
34548,inf
34549,inf
34550,inf
34551,inf
34552,inf
34553,inf
34554,inf
34555,inf
34556,inf
34557,inf
34558,inf
34559,inf
34560,inf
34561,inf
34562,inf
34563,inf
34564,inf
34565,inf
34566,inf
34567,inf
34568,inf
34569,inf
34570,inf
34571,inf
34572,inf
34573,inf
34574,inf
34575,inf
34576,inf
34577,inf
34578,inf
34579,inf
34580,inf
34581,inf
34582,inf
34583,inf
34584,inf
34585,inf
34586,inf
34587,inf
34588,inf
34589,inf
34590,inf
34591,inf
34592,inf
34593,inf
34594,inf
34595,inf
34596,inf
34597,inf
34598,inf
34599,inf
34600,inf
34601,inf
34602,inf
34603,inf
34604,inf
34605,inf
34606,inf
34607,inf
34608,inf
34609,inf
34610,inf
34611,inf
34612,inf
34613,inf
34614,inf
34615,inf
34616,inf
34617,inf
34618,inf
34619,inf
34620,inf
34621,inf
34622,inf
34623,inf
34624,inf
34625,inf
34626,inf
34627,inf
34628,inf
34629,inf
34630,inf
34631,inf
34632,inf
34633,inf
34634,inf
34635,inf
34636,inf
34637,inf
34638,inf
34639,inf
34640,inf
34641,inf
34642,inf
34643,inf
34644,inf
34645,inf
34646,inf
34647,inf
34648,inf
34649,inf
34650,inf
34651,inf
34652,inf
34653,inf
34654,inf
34655,inf
34656,inf
34657,inf
34658,inf
34659,inf
34660,inf
34661,inf
34662,inf
34663,inf
34664,inf
34665,inf
34666,inf
34667,inf
34668,inf
34669,inf
34670,inf
34671,inf
34672,inf
34673,inf
34674,inf
34675,inf
34676,inf
34677,inf
34678,inf
34679,inf
34680,inf
34681,inf
34682,inf
34683,inf
34684,inf
34685,inf
34686,inf
34687,inf
34688,inf
34689,inf
34690,inf
34691,inf
34692,inf
34693,inf
34694,inf
34695,inf
34696,inf
34697,inf
34698,inf
34699,inf
34700,inf
34701,inf
34702,inf
34703,inf
34704,inf
34705,inf
34706,inf
34707,inf
34708,inf
34709,inf
34710,inf
34711,inf
34712,inf
34713,inf
34714,inf
34715,inf
34716,inf
34717,inf
34718,inf
34719,inf
34720,inf
34721,inf
34722,inf
34723,inf
34724,inf
34725,inf
34726,inf
34727,inf
34728,inf
34729,inf
34730,inf
34731,inf
34732,inf
34733,inf
34734,inf
34735,inf
34736,inf
34737,inf
34738,inf
34739,inf
34740,inf
34741,inf
34742,inf
34743,inf
34744,inf
34745,inf
34746,inf
34747,inf
34748,inf
34749,inf
34750,inf
34751,inf
34752,inf
34753,inf
34754,inf
34755,inf
34756,inf
34757,inf
34758,inf
34759,inf
34760,inf
34761,inf
34762,inf
34763,inf
34764,inf
34765,inf
34766,inf
34767,inf
34768,inf
34769,inf
34770,inf
34771,inf
34772,inf
34773,inf
34774,inf
34775,inf
34776,inf
34777,inf
34778,inf
34779,inf
34780,inf
34781,inf
34782,inf
34783,inf
34784,inf
34785,inf
34786,inf
34787,inf
34788,inf
34789,inf
34790,inf
34791,inf
34792,inf
34793,inf
34794,inf
34795,inf
34796,inf
34797,inf
34798,inf
34799,inf
34800,inf
34801,inf
34802,inf
34803,inf
34804,inf
34805,inf
34806,inf
34807,inf
34808,inf
34809,inf
34810,inf
34811,inf
34812,inf
34813,inf
34814,inf
34815,inf
34816,inf
34817,inf
34818,inf
34819,inf
34820,inf
34821,inf
34822,inf
34823,inf
34824,inf
34825,inf
34826,inf
34827,inf
34828,inf
34829,inf
34830,inf
34831,inf
34832,inf
34833,inf
34834,inf
34835,inf
34836,inf
34837,inf
34838,inf
34839,inf
34840,inf
34841,inf
34842,inf
34843,inf
34844,inf
34845,inf
34846,inf
34847,inf
34848,inf
34849,inf
34850,inf
34851,inf
34852,inf
34853,inf
34854,inf
34855,inf
34856,inf
34857,inf
34858,inf
34859,inf
34860,inf
34861,inf
34862,inf
34863,inf
34864,inf
34865,inf
34866,inf
34867,inf
34868,inf
34869,inf
34870,inf
34871,inf
34872,inf
34873,inf
34874,inf
34875,inf
34876,inf
34877,inf
34878,inf
34879,inf
34880,inf
34881,inf
34882,inf
34883,inf
34884,inf
34885,inf
34886,inf
34887,inf
34888,inf
34889,inf
34890,inf
34891,inf
34892,inf
34893,inf
34894,inf
34895,inf
34896,inf
34897,inf
34898,inf
34899,inf
34900,inf
34901,inf
34902,inf
34903,inf
34904,inf
34905,inf
34906,inf
34907,inf
34908,inf
34909,inf
34910,inf
34911,inf
34912,inf
34913,inf
34914,inf
34915,inf
34916,inf
34917,inf
34918,inf
34919,inf
34920,inf
34921,inf
34922,inf
34923,inf
34924,inf
34925,inf
34926,inf
34927,inf
34928,inf
34929,inf
34930,inf
34931,inf
34932,inf
34933,inf
34934,inf
34935,inf
34936,inf
34937,inf
34938,inf
34939,inf
34940,inf
34941,inf
34942,inf
34943,inf
34944,inf
34945,inf
34946,inf
34947,inf
34948,inf
34949,inf
34950,inf
34951,inf
34952,inf
34953,inf
34954,inf
34955,inf
34956,inf
34957,inf
34958,inf
34959,inf
34960,inf
34961,inf
34962,inf
34963,inf
34964,inf
34965,inf
34966,inf
34967,inf
34968,inf
34969,inf
34970,inf
34971,inf
34972,inf
34973,inf
34974,inf
34975,inf
34976,inf
34977,inf
34978,inf
34979,inf
34980,inf
34981,inf
34982,inf
34983,inf
34984,inf
34985,inf
34986,inf
34987,inf
34988,inf
34989,inf
34990,inf
34991,inf
34992,inf
34993,inf
34994,inf
34995,inf
34996,inf
34997,inf
34998,inf
34999,inf
35000,inf
35001,inf
35002,inf
35003,inf
35004,inf
35005,inf
35006,inf
35007,inf
35008,inf
35009,inf
35010,inf
35011,inf
35012,inf
35013,inf
35014,inf
35015,inf
35016,inf
35017,inf
35018,inf
35019,inf
35020,inf
35021,inf
35022,inf
35023,inf
35024,inf
35025,inf
35026,inf
35027,inf
35028,inf
35029,inf
35030,inf
35031,inf
35032,inf
35033,inf
35034,inf
35035,inf
35036,inf
35037,inf
35038,inf
35039,inf
35040,inf
35041,inf
35042,inf
35043,inf
35044,inf
35045,inf
35046,inf
35047,inf
35048,inf
35049,inf
35050,inf
35051,inf
35052,inf
35053,inf
35054,inf
35055,inf
35056,inf
35057,inf
35058,inf
35059,inf
35060,inf
35061,inf
35062,inf
35063,inf
35064,inf
35065,inf
35066,inf
35067,inf
35068,inf
35069,inf
35070,inf
35071,inf
35072,inf
35073,inf
35074,inf
35075,inf
35076,inf
35077,inf
35078,inf
35079,inf
35080,inf
35081,inf
35082,inf
35083,inf
35084,inf
35085,inf
35086,inf
35087,inf
35088,inf
35089,inf
35090,inf
35091,inf
35092,inf
35093,inf
35094,inf
35095,inf
35096,inf
35097,inf
35098,inf
35099,inf
35100,inf
35101,inf
35102,inf
35103,inf
35104,inf
35105,inf
35106,inf
35107,inf
35108,inf
35109,inf
35110,inf
35111,inf
35112,inf
35113,inf
35114,inf
35115,inf
35116,inf
35117,inf
35118,inf
35119,inf
35120,inf
35121,inf
35122,inf
35123,inf
35124,inf
35125,inf
35126,inf
35127,inf
35128,inf
35129,inf
35130,inf
35131,inf
35132,inf
35133,inf
35134,inf
35135,inf
35136,inf
35137,inf
35138,inf
35139,inf
35140,inf
35141,inf
35142,inf
35143,inf
35144,inf
35145,inf
35146,inf
35147,inf
35148,inf
35149,inf
35150,inf
35151,inf
35152,inf
35153,inf
35154,inf
35155,inf
35156,inf
35157,inf
35158,inf
35159,inf
35160,inf
35161,inf
35162,inf
35163,inf
35164,inf
35165,inf
35166,inf
35167,inf
35168,inf
35169,inf
35170,inf
35171,inf
35172,inf
35173,inf
35174,inf
35175,inf
35176,inf
35177,inf
35178,inf
35179,inf
35180,inf
35181,inf
35182,inf
35183,inf
35184,inf
35185,inf
35186,inf
35187,inf
35188,inf
35189,inf
35190,inf
35191,inf
35192,inf
35193,inf
35194,inf
35195,inf
35196,inf
35197,inf
35198,inf
35199,inf
35200,inf
35201,inf
35202,inf
35203,inf
35204,inf
35205,inf
35206,inf
35207,inf
35208,inf
35209,inf
35210,inf
35211,inf
35212,inf
35213,inf
35214,inf
35215,inf
35216,inf
35217,inf
35218,inf
35219,inf
35220,inf
35221,inf
35222,inf
35223,inf
35224,inf
35225,inf
35226,inf
35227,inf
35228,inf
35229,inf
35230,inf
35231,inf
35232,inf
35233,inf
35234,inf
35235,inf
35236,inf
35237,inf
35238,inf
35239,inf
35240,inf
35241,inf
35242,inf
35243,inf
35244,inf
35245,inf
35246,inf
35247,inf
35248,inf
35249,inf
35250,inf
35251,inf
35252,inf
35253,inf
35254,inf
35255,inf
35256,inf
35257,inf
35258,inf
35259,inf
35260,inf
35261,inf
35262,inf
35263,inf
35264,inf
35265,inf
35266,inf
35267,inf
35268,inf
35269,inf
35270,inf
35271,inf
35272,inf
35273,inf
35274,inf
35275,inf
35276,inf
35277,inf
35278,inf
35279,inf
35280,inf
35281,inf
35282,inf
35283,inf
35284,inf
35285,inf
35286,inf
35287,inf
35288,inf
35289,inf
35290,inf
35291,inf
35292,inf
35293,inf
35294,inf
35295,inf
35296,inf
35297,inf
35298,inf
35299,inf
35300,inf
35301,inf
35302,inf
35303,inf
35304,inf
35305,inf
35306,inf
35307,inf
35308,inf
35309,inf
35310,inf
35311,inf
35312,inf
35313,inf
35314,inf
35315,inf
35316,inf
35317,inf
35318,inf
35319,inf
35320,inf
35321,inf
35322,inf
35323,inf
35324,inf
35325,inf
35326,inf
35327,inf
35328,inf
35329,inf
35330,inf
35331,inf
35332,inf
35333,inf
35334,inf
35335,inf
35336,inf
35337,inf
35338,inf
35339,inf
35340,inf
35341,inf
35342,inf
35343,inf
35344,inf
35345,inf
35346,inf
35347,inf
35348,inf
35349,inf
35350,inf
35351,inf
35352,inf
35353,inf
35354,inf
35355,inf
35356,inf
35357,inf
35358,inf
35359,inf
35360,inf
35361,inf
35362,inf
35363,inf
35364,inf
35365,inf
35366,inf
35367,inf
35368,inf
35369,inf
35370,inf
35371,inf
35372,inf
35373,inf
35374,inf
35375,inf
35376,inf
35377,inf
35378,inf
35379,inf
35380,inf
35381,inf
35382,inf
35383,inf
35384,inf
35385,inf
35386,inf
35387,inf
35388,inf
35389,inf
35390,inf
35391,inf
35392,inf
35393,inf
35394,inf
35395,inf
35396,inf
35397,inf
35398,inf
35399,inf
35400,inf
35401,inf
35402,inf
35403,inf
35404,inf
35405,inf
35406,inf
35407,inf
35408,inf
35409,inf
35410,inf
35411,inf
35412,inf
35413,inf
35414,inf
35415,inf
35416,inf
35417,inf
35418,inf
35419,inf
35420,inf
35421,inf
35422,inf
35423,inf
35424,inf
35425,inf
35426,inf
35427,inf
35428,inf
35429,inf
35430,inf
35431,inf
35432,inf
35433,inf
35434,inf
35435,inf
35436,inf
35437,inf
35438,inf
35439,inf
35440,inf
35441,inf
35442,inf
35443,inf
35444,inf
35445,inf
35446,inf
35447,inf
35448,inf
35449,inf
35450,inf
35451,inf
35452,inf
35453,inf
35454,inf
35455,inf
35456,inf
35457,inf
35458,inf
35459,inf
35460,inf
35461,inf
35462,inf
35463,inf
35464,inf
35465,inf
35466,inf
35467,inf
35468,inf
35469,inf
35470,inf
35471,inf
35472,inf
35473,inf
35474,inf
35475,inf
35476,inf
35477,inf
35478,inf
35479,inf
35480,inf
35481,inf
35482,inf
35483,inf
35484,inf
35485,inf
35486,inf
35487,inf
35488,inf
35489,inf
35490,inf
35491,inf
35492,inf
35493,inf
35494,inf
35495,inf
35496,inf
35497,inf
35498,inf
35499,inf
35500,inf
35501,inf
35502,inf
35503,inf
35504,inf
35505,inf
35506,inf
35507,inf
35508,inf
35509,inf
35510,inf
35511,inf
35512,inf
35513,inf
35514,inf
35515,inf
35516,inf
35517,inf
35518,inf
35519,inf
35520,inf
35521,inf
35522,inf
35523,inf
35524,inf
35525,inf
35526,inf
35527,inf
35528,inf
35529,inf
35530,inf
35531,inf
35532,inf
35533,inf
35534,inf
35535,inf
35536,inf
35537,inf
35538,inf
35539,inf
35540,inf
35541,inf
35542,inf
35543,inf
35544,inf
35545,inf
35546,inf
35547,inf
35548,inf
35549,inf
35550,inf
35551,inf
35552,inf
35553,inf
35554,inf
35555,inf
35556,inf
35557,inf
35558,inf
35559,inf
35560,inf
35561,inf
35562,inf
35563,inf
35564,inf
35565,inf
35566,inf
35567,inf
35568,inf
35569,inf
35570,inf
35571,inf
35572,inf
35573,inf
35574,inf
35575,inf
35576,inf
35577,inf
35578,inf
35579,inf
35580,inf
35581,inf
35582,inf
35583,inf
35584,inf
35585,inf
35586,inf
35587,inf
35588,inf
35589,inf
35590,inf
35591,inf
35592,inf
35593,inf
35594,inf
35595,inf
35596,inf
35597,inf
35598,inf
35599,inf
35600,inf
35601,inf
35602,inf
35603,inf
35604,inf
35605,inf
35606,inf
35607,inf
35608,inf
35609,inf
35610,inf
35611,inf
35612,inf
35613,inf
35614,inf
35615,inf
35616,inf
35617,inf
35618,inf
35619,inf
35620,inf
35621,inf
35622,inf
35623,inf
35624,inf
35625,inf
35626,inf
35627,inf
35628,inf
35629,inf
35630,inf
35631,inf
35632,inf
35633,inf
35634,inf
35635,inf
35636,inf
35637,inf
35638,inf
35639,inf
35640,inf
35641,inf
35642,inf
35643,inf
35644,inf
35645,inf
35646,inf
35647,inf
35648,inf
35649,inf
35650,inf
35651,inf
35652,inf
35653,inf
35654,inf
35655,inf
35656,inf
35657,inf
35658,inf
35659,inf
35660,inf
35661,inf
35662,inf
35663,inf
35664,inf
35665,inf
35666,inf
35667,inf
35668,inf
35669,inf
35670,inf
35671,inf
35672,inf
35673,inf
35674,inf
35675,inf
35676,inf
35677,inf
35678,inf
35679,inf
35680,inf
35681,inf
35682,inf
35683,inf
35684,inf
35685,inf
35686,inf
35687,inf
35688,inf
35689,inf
35690,inf
35691,inf
35692,inf
35693,inf
35694,inf
35695,inf
35696,inf
35697,inf
35698,inf
35699,inf
35700,inf
35701,inf
35702,inf
35703,inf
35704,inf
35705,inf
35706,inf
35707,inf
35708,inf
35709,inf
35710,inf
35711,inf
35712,inf
35713,inf
35714,inf
35715,inf
35716,inf
35717,inf
35718,inf
35719,inf
35720,inf
35721,inf
35722,inf
35723,inf
35724,inf
35725,inf
35726,inf
35727,inf
35728,inf
35729,inf
35730,inf
35731,inf
35732,inf
35733,inf
35734,inf
35735,inf
35736,inf
35737,inf
35738,inf
35739,inf
35740,inf
35741,inf
35742,inf
35743,inf
35744,inf
35745,inf
35746,inf
35747,inf
35748,inf
35749,inf
35750,inf
35751,inf
35752,inf
35753,inf
35754,inf
35755,inf
35756,inf
35757,inf
35758,inf
35759,inf
35760,inf
35761,inf
35762,inf
35763,inf
35764,inf
35765,inf
35766,inf
35767,inf
35768,inf
35769,inf
35770,inf
35771,inf
35772,inf
35773,inf
35774,inf
35775,inf
35776,inf
35777,inf
35778,inf
35779,inf
35780,inf
35781,inf
35782,inf
35783,inf
35784,inf
35785,inf
35786,inf
35787,inf
35788,inf
35789,inf
35790,inf
35791,inf
35792,inf
35793,inf
35794,inf
35795,inf
35796,inf
35797,inf
35798,inf
35799,inf
35800,inf
35801,inf
35802,inf
35803,inf
35804,inf
35805,inf
35806,inf
35807,inf
35808,inf
35809,inf
35810,inf
35811,inf
35812,inf
35813,inf
35814,inf
35815,inf
35816,inf
35817,inf
35818,inf
35819,inf
35820,inf
35821,inf
35822,inf
35823,inf
35824,inf
35825,inf
35826,inf
35827,inf
35828,inf
35829,inf
35830,inf
35831,inf
35832,inf
35833,inf
35834,inf
35835,inf
35836,inf
35837,inf
35838,inf
35839,inf
35840,inf
35841,inf
35842,inf
35843,inf
35844,inf
35845,inf
35846,inf
35847,inf
35848,inf
35849,inf
35850,inf
35851,inf
35852,inf
35853,inf
35854,inf
35855,inf
35856,inf
35857,inf
35858,inf
35859,inf
35860,inf
35861,inf
35862,inf
35863,inf
35864,inf
35865,inf
35866,inf
35867,inf
35868,inf
35869,inf
35870,inf
35871,inf
35872,inf
35873,inf
35874,inf
35875,inf
35876,inf
35877,inf
35878,inf
35879,inf
35880,inf
35881,inf
35882,inf
35883,inf
35884,inf
35885,inf
35886,inf
35887,inf
35888,inf
35889,inf
35890,inf
35891,inf
35892,inf
35893,inf
35894,inf
35895,inf
35896,inf
35897,inf
35898,inf
35899,inf
35900,inf
35901,inf
35902,inf
35903,inf
35904,inf
35905,inf
35906,inf
35907,inf
35908,inf
35909,inf
35910,inf
35911,inf
35912,inf
35913,inf
35914,inf
35915,inf
35916,inf
35917,inf
35918,inf
35919,inf
35920,inf
35921,inf
35922,inf
35923,inf
35924,inf
35925,inf
35926,inf
35927,inf
35928,inf
35929,inf
35930,inf
35931,inf
35932,inf
35933,inf
35934,inf
35935,inf
35936,inf
35937,inf
35938,inf
35939,inf
35940,inf
35941,inf
35942,inf
35943,inf
35944,inf
35945,inf
35946,inf
35947,inf
35948,inf
35949,inf
35950,inf
35951,inf
35952,inf
35953,inf
35954,inf
35955,inf
35956,inf
35957,inf
35958,inf
35959,inf
35960,inf
35961,inf
35962,inf
35963,inf
35964,inf
35965,inf
35966,inf
35967,inf
35968,inf
35969,inf
35970,inf
35971,inf
35972,inf
35973,inf
35974,inf
35975,inf
35976,inf
35977,inf
35978,inf
35979,inf
35980,inf
35981,inf
35982,inf
35983,inf
35984,inf
35985,inf
35986,inf
35987,inf
35988,inf
35989,inf
35990,inf
35991,inf
35992,inf
35993,inf
35994,inf
35995,inf
35996,inf
35997,inf
35998,inf
35999,inf
36000,inf
36001,inf
36002,inf
36003,inf
36004,inf
36005,inf
36006,inf
36007,inf
36008,inf
36009,inf
36010,inf
36011,inf
36012,inf
36013,inf
36014,inf
36015,inf
36016,inf
36017,inf
36018,inf
36019,inf
36020,inf
36021,inf
36022,inf
36023,inf
36024,inf
36025,inf
36026,inf
36027,inf
36028,inf
36029,inf
36030,inf
36031,inf
36032,inf
36033,inf
36034,inf
36035,inf
36036,inf
36037,inf
36038,inf
36039,inf
36040,inf
36041,inf
36042,inf
36043,inf
36044,inf
36045,inf
36046,inf
36047,inf
36048,inf
36049,inf
36050,inf
36051,inf
36052,inf
36053,inf
36054,inf
36055,inf
36056,inf
36057,inf
36058,inf
36059,inf
36060,inf
36061,inf
36062,inf
36063,inf
36064,inf
36065,inf
36066,inf
36067,inf
36068,inf
36069,inf
36070,inf
36071,inf
36072,inf
36073,inf
36074,inf
36075,inf
36076,inf
36077,inf
36078,inf
36079,inf
36080,inf
36081,inf
36082,inf
36083,inf
36084,inf
36085,inf
36086,inf
36087,inf
36088,inf
36089,inf
36090,inf
36091,inf
36092,inf
36093,inf
36094,inf
36095,inf
36096,inf
36097,inf
36098,inf
36099,inf
36100,inf
36101,inf
36102,inf
36103,inf
36104,inf
36105,inf
36106,inf
36107,inf
36108,inf
36109,inf
36110,inf
36111,inf
36112,inf
36113,inf
36114,inf
36115,inf
36116,inf
36117,inf
36118,inf
36119,inf
36120,inf
36121,inf
36122,inf
36123,inf
36124,inf
36125,inf
36126,inf
36127,inf
36128,inf
36129,inf
36130,inf
36131,inf
36132,inf
36133,inf
36134,inf
36135,inf
36136,inf
36137,inf
36138,inf
36139,inf
36140,inf
36141,inf
36142,inf
36143,inf
36144,inf
36145,inf
36146,inf
36147,inf
36148,inf
36149,inf
36150,inf
36151,inf
36152,inf
36153,inf
36154,inf
36155,inf
36156,inf
36157,inf
36158,inf
36159,inf
36160,inf
36161,inf
36162,inf
36163,inf
36164,inf
36165,inf
36166,inf
36167,inf
36168,inf
36169,inf
36170,inf
36171,inf
36172,inf
36173,inf
36174,inf
36175,inf
36176,inf
36177,inf
36178,inf
36179,inf
36180,inf
36181,inf
36182,inf
36183,inf
36184,inf
36185,inf
36186,inf
36187,inf
36188,inf
36189,inf
36190,inf
36191,inf
36192,inf
36193,inf
36194,inf
36195,inf
36196,inf
36197,inf
36198,inf
36199,inf
36200,inf
36201,inf
36202,inf
36203,inf
36204,inf
36205,inf
36206,inf
36207,inf
36208,inf
36209,inf
36210,inf
36211,inf
36212,inf
36213,inf
36214,inf
36215,inf
36216,inf
36217,inf
36218,inf
36219,inf
36220,inf
36221,inf
36222,inf
36223,inf
36224,inf
36225,inf
36226,inf
36227,inf
36228,inf
36229,inf
36230,inf
36231,inf
36232,inf
36233,inf
36234,inf
36235,inf
36236,inf
36237,inf
36238,inf
36239,inf
36240,inf
36241,inf
36242,inf
36243,inf
36244,inf
36245,inf
36246,inf
36247,inf
36248,inf
36249,inf
36250,inf
36251,inf
36252,inf
36253,inf
36254,inf
36255,inf
36256,inf
36257,inf
36258,inf
36259,inf
36260,inf
36261,inf
36262,inf
36263,inf
36264,inf
36265,inf
36266,inf
36267,inf
36268,inf
36269,inf
36270,inf
36271,inf
36272,inf
36273,inf
36274,inf
36275,inf
36276,inf
36277,inf
36278,inf
36279,inf
36280,inf
36281,inf
36282,inf
36283,inf
36284,inf
36285,inf
36286,inf
36287,inf
36288,inf
36289,inf
36290,inf
36291,inf
36292,inf
36293,inf
36294,inf
36295,inf
36296,inf
36297,inf
36298,inf
36299,inf
36300,inf
36301,inf
36302,inf
36303,inf
36304,inf
36305,inf
36306,inf
36307,inf
36308,inf
36309,inf
36310,inf
36311,inf
36312,inf
36313,inf
36314,inf
36315,inf
36316,inf
36317,inf
36318,inf
36319,inf
36320,inf
36321,inf
36322,inf
36323,inf
36324,inf
36325,inf
36326,inf
36327,inf
36328,inf
36329,inf
36330,inf
36331,inf
36332,inf
36333,inf
36334,inf
36335,inf
36336,inf
36337,inf
36338,inf
36339,inf
36340,inf
36341,inf
36342,inf
36343,inf
36344,inf
36345,inf
36346,inf
36347,inf
36348,inf
36349,inf
36350,inf
36351,inf
36352,inf
36353,inf
36354,inf
36355,inf
36356,inf
36357,inf
36358,inf
36359,inf
36360,inf
36361,inf
36362,inf
36363,inf
36364,inf
36365,inf
36366,inf
36367,inf
36368,inf
36369,inf
36370,inf
36371,inf
36372,inf
36373,inf
36374,inf
36375,inf
36376,inf
36377,inf
36378,inf
36379,inf
36380,inf
36381,inf
36382,inf
36383,inf
36384,inf
36385,inf
36386,inf
36387,inf
36388,inf
36389,inf
36390,inf
36391,inf
36392,inf
36393,inf
36394,inf
36395,inf
36396,inf
36397,inf
36398,inf
36399,inf
36400,inf
36401,inf
36402,inf
36403,inf
36404,inf
36405,inf
36406,inf
36407,inf
36408,inf
36409,inf
36410,inf
36411,inf
36412,inf
36413,inf
36414,inf
36415,inf
36416,inf
36417,inf
36418,inf
36419,inf
36420,inf
36421,inf
36422,inf
36423,inf
36424,inf
36425,inf
36426,inf
36427,inf
36428,inf
36429,inf
36430,inf
36431,inf
36432,inf
36433,inf
36434,inf
36435,inf
36436,inf
36437,inf
36438,inf
36439,inf
36440,inf
36441,inf
36442,inf
36443,inf
36444,inf
36445,inf
36446,inf
36447,inf
36448,inf
36449,inf
36450,inf
36451,inf
36452,inf
36453,inf
36454,inf
36455,inf
36456,inf
36457,inf
36458,inf
36459,inf
36460,inf
36461,inf
36462,inf
36463,inf
36464,inf
36465,inf
36466,inf
36467,inf
36468,inf
36469,inf
36470,inf
36471,inf
36472,inf
36473,inf
36474,inf
36475,inf
36476,inf
36477,inf
36478,inf
36479,inf
36480,inf
36481,inf
36482,inf
36483,inf
36484,inf
36485,inf
36486,inf
36487,inf
36488,inf
36489,inf
36490,inf
36491,inf
36492,inf
36493,inf
36494,inf
36495,inf
36496,inf
36497,inf
36498,inf
36499,inf
36500,inf
36501,inf
36502,inf
36503,inf
36504,inf
36505,inf
36506,inf
36507,inf
36508,inf
36509,inf
36510,inf
36511,inf
36512,inf
36513,inf
36514,inf
36515,inf
36516,inf
36517,inf
36518,inf
36519,inf
36520,inf
36521,inf
36522,inf
36523,inf
36524,inf
36525,inf
36526,inf
36527,inf
36528,inf
36529,inf
36530,inf
36531,inf
36532,inf
36533,inf
36534,inf
36535,inf
36536,inf
36537,inf
36538,inf
36539,inf
36540,inf
36541,inf
36542,inf
36543,inf
36544,inf
36545,inf
36546,inf
36547,inf
36548,inf
36549,inf
36550,inf
36551,inf
36552,inf
36553,inf
36554,inf
36555,inf
36556,inf
36557,inf
36558,inf
36559,inf
36560,inf
36561,inf
36562,inf
36563,inf
36564,inf
36565,inf
36566,inf
36567,inf
36568,inf
36569,inf
36570,inf
36571,inf
36572,inf
36573,inf
36574,inf
36575,inf
36576,inf
36577,inf
36578,inf
36579,inf
36580,inf
36581,inf
36582,inf
36583,inf
36584,inf
36585,inf
36586,inf
36587,inf
36588,inf
36589,inf
36590,inf
36591,inf
36592,inf
36593,inf
36594,inf
36595,inf
36596,inf
36597,inf
36598,inf
36599,inf
36600,inf
36601,inf
36602,inf
36603,inf
36604,inf
36605,inf
36606,inf
36607,inf
36608,inf
36609,inf
36610,inf
36611,inf
36612,inf
36613,inf
36614,inf
36615,inf
36616,inf
36617,inf
36618,inf
36619,inf
36620,inf
36621,inf
36622,inf
36623,inf
36624,inf
36625,inf
36626,inf
36627,inf
36628,inf
36629,inf
36630,inf
36631,inf
36632,inf
36633,inf
36634,inf
36635,inf
36636,inf
36637,inf
36638,inf
36639,inf
36640,inf
36641,inf
36642,inf
36643,inf
36644,inf
36645,inf
36646,inf
36647,inf
36648,inf
36649,inf
36650,inf
36651,inf
36652,inf
36653,inf
36654,inf
36655,inf
36656,inf
36657,inf
36658,inf
36659,inf
36660,inf
36661,inf
36662,inf
36663,inf
36664,inf
36665,inf
36666,inf
36667,inf
36668,inf
36669,inf
36670,inf
36671,inf
36672,inf
36673,inf
36674,inf
36675,inf
36676,inf
36677,inf
36678,inf
36679,inf
36680,inf
36681,inf
36682,inf
36683,inf
36684,inf
36685,inf
36686,inf
36687,inf
36688,inf
36689,inf
36690,inf
36691,inf
36692,inf
36693,inf
36694,inf
36695,inf
36696,inf
36697,inf
36698,inf
36699,inf
36700,inf
36701,inf
36702,inf
36703,inf
36704,inf
36705,inf
36706,inf
36707,inf
36708,inf
36709,inf
36710,inf
36711,inf
36712,inf
36713,inf
36714,inf
36715,inf
36716,inf
36717,inf
36718,inf
36719,inf
36720,inf
36721,inf
36722,inf
36723,inf
36724,inf
36725,inf
36726,inf
36727,inf
36728,inf
36729,inf
36730,inf
36731,inf
36732,inf
36733,inf
36734,inf
36735,inf
36736,inf
36737,inf
36738,inf
36739,inf
36740,inf
36741,inf
36742,inf
36743,inf
36744,inf
36745,inf
36746,inf
36747,inf
36748,inf
36749,inf
36750,inf
36751,inf
36752,inf
36753,inf
36754,inf
36755,inf
36756,inf
36757,inf
36758,inf
36759,inf
36760,inf
36761,inf
36762,inf
36763,inf
36764,inf
36765,inf
36766,inf
36767,inf
36768,inf
36769,inf
36770,inf
36771,inf
36772,inf
36773,inf
36774,inf
36775,inf
36776,inf
36777,inf
36778,inf
36779,inf
36780,inf
36781,inf
36782,inf
36783,inf
36784,inf
36785,inf
36786,inf
36787,inf
36788,inf
36789,inf
36790,inf
36791,inf
36792,inf
36793,inf
36794,inf
36795,inf
36796,inf
36797,inf
36798,inf
36799,inf
36800,inf
36801,inf
36802,inf
36803,inf
36804,inf
36805,inf
36806,inf
36807,inf
36808,inf
36809,inf
36810,inf
36811,inf
36812,inf
36813,inf
36814,inf
36815,inf
36816,inf
36817,inf
36818,inf
36819,inf
36820,inf
36821,inf
36822,inf
36823,inf
36824,inf
36825,inf
36826,inf
36827,inf
36828,inf
36829,inf
36830,inf
36831,inf
36832,inf
36833,inf
36834,inf
36835,inf
36836,inf
36837,inf
36838,inf
36839,inf
36840,inf
36841,inf
36842,inf
36843,inf
36844,inf
36845,inf
36846,inf
36847,inf
36848,inf
36849,inf
36850,inf
36851,inf
36852,inf
36853,inf
36854,inf
36855,inf
36856,inf
36857,inf
36858,inf
36859,inf
36860,inf
36861,inf
36862,inf
36863,inf
36864,inf
36865,inf
36866,inf
36867,inf
36868,inf
36869,inf
36870,inf
36871,inf
36872,inf
36873,inf
36874,inf
36875,inf
36876,inf
36877,inf
36878,inf
36879,inf
36880,inf
36881,inf
36882,inf
36883,inf
36884,inf
36885,inf
36886,inf
36887,inf
36888,inf
36889,inf
36890,inf
36891,inf
36892,inf
36893,inf
36894,inf
36895,inf
36896,inf
36897,inf
36898,inf
36899,inf
36900,inf
36901,inf
36902,inf
36903,inf
36904,inf
36905,inf
36906,inf
36907,inf
36908,inf
36909,inf
36910,inf
36911,inf
36912,inf
36913,inf
36914,inf
36915,inf
36916,inf
36917,inf
36918,inf
36919,inf
36920,inf
36921,inf
36922,inf
36923,inf
36924,inf
36925,inf
36926,inf
36927,inf
36928,inf
36929,inf
36930,inf
36931,inf
36932,inf
36933,inf
36934,inf
36935,inf
36936,inf
36937,inf
36938,inf
36939,inf
36940,inf
36941,inf
36942,inf
36943,inf
36944,inf
36945,inf
36946,inf
36947,inf
36948,inf
36949,inf
36950,inf
36951,inf
36952,inf
36953,inf
36954,inf
36955,inf
36956,inf
36957,inf
36958,inf
36959,inf
36960,inf
36961,inf
36962,inf
36963,inf
36964,inf
36965,inf
36966,inf
36967,inf
36968,inf
36969,inf
36970,inf
36971,inf
36972,inf
36973,inf
36974,inf
36975,inf
36976,inf
36977,inf
36978,inf
36979,inf
36980,inf
36981,inf
36982,inf
36983,inf
36984,inf
36985,inf
36986,inf
36987,inf
36988,inf
36989,inf
36990,inf
36991,inf
36992,inf
36993,inf
36994,inf
36995,inf
36996,inf
36997,inf
36998,inf
36999,inf
37000,inf
37001,inf
37002,inf
37003,inf
37004,inf
37005,inf
37006,inf
37007,inf
37008,inf
37009,inf
37010,inf
37011,inf
37012,inf
37013,inf
37014,inf
37015,inf
37016,inf
37017,inf
37018,inf
37019,inf
37020,inf
37021,inf
37022,inf
37023,inf
37024,inf
37025,inf
37026,inf
37027,inf
37028,inf
37029,inf
37030,inf
37031,inf
37032,inf
37033,inf
37034,inf
37035,inf
37036,inf
37037,inf
37038,inf
37039,inf
37040,inf
37041,inf
37042,inf
37043,inf
37044,inf
37045,inf
37046,inf
37047,inf
37048,inf
37049,inf
37050,inf
37051,inf
37052,inf
37053,inf
37054,inf
37055,inf
37056,inf
37057,inf
37058,inf
37059,inf
37060,inf
37061,inf
37062,inf
37063,inf
37064,inf
37065,inf
37066,inf
37067,inf
37068,inf
37069,inf
37070,inf
37071,inf
37072,inf
37073,inf
37074,inf
37075,inf
37076,inf
37077,inf
37078,inf
37079,inf
37080,inf
37081,inf
37082,inf
37083,inf
37084,inf
37085,inf
37086,inf
37087,inf
37088,inf
37089,inf
37090,inf
37091,inf
37092,inf
37093,inf
37094,inf
37095,inf
37096,inf
37097,inf
37098,inf
37099,inf
37100,inf
37101,inf
37102,inf
37103,inf
37104,inf
37105,inf
37106,inf
37107,inf
37108,inf
37109,inf
37110,inf
37111,inf
37112,inf
37113,inf
37114,inf
37115,inf
37116,inf
37117,inf
37118,inf
37119,inf
37120,inf
37121,inf
37122,inf
37123,inf
37124,inf
37125,inf
37126,inf
37127,inf
37128,inf
37129,inf
37130,inf
37131,inf
37132,inf
37133,inf
37134,inf
37135,inf
37136,inf
37137,inf
37138,inf
37139,inf
37140,inf
37141,inf
37142,inf
37143,inf
37144,inf
37145,inf
37146,inf
37147,inf
37148,inf
37149,inf
37150,inf
37151,inf
37152,inf
37153,inf
37154,inf
37155,inf
37156,inf
37157,inf
37158,inf
37159,inf
37160,inf
37161,inf
37162,inf
37163,inf
37164,inf
37165,inf
37166,inf
37167,inf
37168,inf
37169,inf
37170,inf
37171,inf
37172,inf
37173,inf
37174,inf
37175,inf
37176,inf
37177,inf
37178,inf
37179,inf
37180,inf
37181,inf
37182,inf
37183,inf
37184,inf
37185,inf
37186,inf
37187,inf
37188,inf
37189,inf
37190,inf
37191,inf
37192,inf
37193,inf
37194,inf
37195,inf
37196,inf
37197,inf
37198,inf
37199,inf
37200,inf
37201,inf
37202,inf
37203,inf
37204,inf
37205,inf
37206,inf
37207,inf
37208,inf
37209,inf
37210,inf
37211,inf
37212,inf
37213,inf
37214,inf
37215,inf
37216,inf
37217,inf
37218,inf
37219,inf
37220,inf
37221,inf
37222,inf
37223,inf
37224,inf
37225,inf
37226,inf
37227,inf
37228,inf
37229,inf
37230,inf
37231,inf
37232,inf
37233,inf
37234,inf
37235,inf
37236,inf
37237,inf
37238,inf
37239,inf
37240,inf
37241,inf
37242,inf
37243,inf
37244,inf
37245,inf
37246,inf
37247,inf
37248,inf
37249,inf
37250,inf
37251,inf
37252,inf
37253,inf
37254,inf
37255,inf
37256,inf
37257,inf
37258,inf
37259,inf
37260,inf
37261,inf
37262,inf
37263,inf
37264,inf
37265,inf
37266,inf
37267,inf
37268,inf
37269,inf
37270,inf
37271,inf
37272,inf
37273,inf
37274,inf
37275,inf
37276,inf
37277,inf
37278,inf
37279,inf
37280,inf
37281,inf
37282,inf
37283,inf
37284,inf
37285,inf
37286,inf
37287,inf
37288,inf
37289,inf
37290,inf
37291,inf
37292,inf
37293,inf
37294,inf
37295,inf
37296,inf
37297,inf
37298,inf
37299,inf
37300,inf
37301,inf
37302,inf
37303,inf
37304,inf
37305,inf
37306,inf
37307,inf
37308,inf
37309,inf
37310,inf
37311,inf
37312,inf
37313,inf
37314,inf
37315,inf
37316,inf
37317,inf
37318,inf
37319,inf
37320,inf
37321,inf
37322,inf
37323,inf
37324,inf
37325,inf
37326,inf
37327,inf
37328,inf
37329,inf
37330,inf
37331,inf
37332,inf
37333,inf
37334,inf
37335,inf
37336,inf
37337,inf
37338,inf
37339,inf
37340,inf
37341,inf
37342,inf
37343,inf
37344,inf
37345,inf
37346,inf
37347,inf
37348,inf
37349,inf
37350,inf
37351,inf
37352,inf
37353,inf
37354,inf
37355,inf
37356,inf
37357,inf
37358,inf
37359,inf
37360,inf
37361,inf
37362,inf
37363,inf
37364,inf
37365,inf
37366,inf
37367,inf
37368,inf
37369,inf
37370,inf
37371,inf
37372,inf
37373,inf
37374,inf
37375,inf
37376,inf
37377,inf
37378,inf
37379,inf
37380,inf
37381,inf
37382,inf
37383,inf
37384,inf
37385,inf
37386,inf
37387,inf
37388,inf
37389,inf
37390,inf
37391,inf
37392,inf
37393,inf
37394,inf
37395,inf
37396,inf
37397,inf
37398,inf
37399,inf
37400,inf
37401,inf
37402,inf
37403,inf
37404,inf
37405,inf
37406,inf
37407,inf
37408,inf
37409,inf
37410,inf
37411,inf
37412,inf
37413,inf
37414,inf
37415,inf
37416,inf
37417,inf
37418,inf
37419,inf
37420,inf
37421,inf
37422,inf
37423,inf
37424,inf
37425,inf
37426,inf
37427,inf
37428,inf
37429,inf
37430,inf
37431,inf
37432,inf
37433,inf
37434,inf
37435,inf
37436,inf
37437,inf
37438,inf
37439,inf
37440,inf
37441,inf
37442,inf
37443,inf
37444,inf
37445,inf
37446,inf
37447,inf
37448,inf
37449,inf
37450,inf
37451,inf
37452,inf
37453,inf
37454,inf
37455,inf
37456,inf
37457,inf
37458,inf
37459,inf
37460,inf
37461,inf
37462,inf
37463,inf
37464,inf
37465,inf
37466,inf
37467,inf
37468,inf
37469,inf
37470,inf
37471,inf
37472,inf
37473,inf
37474,inf
37475,inf
37476,inf
37477,inf
37478,inf
37479,inf
37480,inf
37481,inf
37482,inf
37483,inf
37484,inf
37485,inf
37486,inf
37487,inf
37488,inf
37489,inf
37490,inf
37491,inf
37492,inf
37493,inf
37494,inf
37495,inf
37496,inf
37497,inf
37498,inf
37499,inf
37500,inf
37501,inf
37502,inf
37503,inf
37504,inf
37505,inf
37506,inf
37507,inf
37508,inf
37509,inf
37510,inf
37511,inf
37512,inf
37513,inf
37514,inf
37515,inf
37516,inf
37517,inf
37518,inf
37519,inf
37520,inf
37521,inf
37522,inf
37523,inf
37524,inf
37525,inf
37526,inf
37527,inf
37528,inf
37529,inf
37530,inf
37531,inf
37532,inf
37533,inf
37534,inf
37535,inf
37536,inf
37537,inf
37538,inf
37539,inf
37540,inf
37541,inf
37542,inf
37543,inf
37544,inf
37545,inf
37546,inf
37547,inf
37548,inf
37549,inf
37550,inf
37551,inf
37552,inf
37553,inf
37554,inf
37555,inf
37556,inf
37557,inf
37558,inf
37559,inf
37560,inf
37561,inf
37562,inf
37563,inf
37564,inf
37565,inf
37566,inf
37567,inf
37568,inf
37569,inf
37570,inf
37571,inf
37572,inf
37573,inf
37574,inf
37575,inf
37576,inf
37577,inf
37578,inf
37579,inf
37580,inf
37581,inf
37582,inf
37583,inf
37584,inf
37585,inf
37586,inf
37587,inf
37588,inf
37589,inf
37590,inf
37591,inf
37592,inf
37593,inf
37594,inf
37595,inf
37596,inf
37597,inf
37598,inf
37599,inf
37600,inf
37601,inf
37602,inf
37603,inf
37604,inf
37605,inf
37606,inf
37607,inf
37608,inf
37609,inf
37610,inf
37611,inf
37612,inf
37613,inf
37614,inf
37615,inf
37616,inf
37617,inf
37618,inf
37619,inf
37620,inf
37621,inf
37622,inf
37623,inf
37624,inf
37625,inf
37626,inf
37627,inf
37628,inf
37629,inf
37630,inf
37631,inf
37632,inf
37633,inf
37634,inf
37635,inf
37636,inf
37637,inf
37638,inf
37639,inf
37640,inf
37641,inf
37642,inf
37643,inf
37644,inf
37645,inf
37646,inf
37647,inf
37648,inf
37649,inf
37650,inf
37651,inf
37652,inf
37653,inf
37654,inf
37655,inf
37656,inf
37657,inf
37658,inf
37659,inf
37660,inf
37661,inf
37662,inf
37663,inf
37664,inf
37665,inf
37666,inf
37667,inf
37668,inf
37669,inf
37670,inf
37671,inf
37672,inf
37673,inf
37674,inf
37675,inf
37676,inf
37677,inf
37678,inf
37679,inf
37680,inf
37681,inf
37682,inf
37683,inf
37684,inf
37685,inf
37686,inf
37687,inf
37688,inf
37689,inf
37690,inf
37691,inf
37692,inf
37693,inf
37694,inf
37695,inf
37696,inf
37697,inf
37698,inf
37699,inf
37700,inf
37701,inf
37702,inf
37703,inf
37704,inf
37705,inf
37706,inf
37707,inf
37708,inf
37709,inf
37710,inf
37711,inf
37712,inf
37713,inf
37714,inf
37715,inf
37716,inf
37717,inf
37718,inf
37719,inf
37720,inf
37721,inf
37722,inf
37723,inf
37724,inf
37725,inf
37726,inf
37727,inf
37728,inf
37729,inf
37730,inf
37731,inf
37732,inf
37733,inf
37734,inf
37735,inf
37736,inf
37737,inf
37738,inf
37739,inf
37740,inf
37741,inf
37742,inf
37743,inf
37744,inf
37745,inf
37746,inf
37747,inf
37748,inf
37749,inf
37750,inf
37751,inf
37752,inf
37753,inf
37754,inf
37755,inf
37756,inf
37757,inf
37758,inf
37759,inf
37760,inf
37761,inf
37762,inf
37763,inf
37764,inf
37765,inf
37766,inf
37767,inf
37768,inf
37769,inf
37770,inf
37771,inf
37772,inf
37773,inf
37774,inf
37775,inf
37776,inf
37777,inf
37778,inf
37779,inf
37780,inf
37781,inf
37782,inf
37783,inf
37784,inf
37785,inf
37786,inf
37787,inf
37788,inf
37789,inf
37790,inf
37791,inf
37792,inf
37793,inf
37794,inf
37795,inf
37796,inf
37797,inf
37798,inf
37799,inf
37800,inf
37801,inf
37802,inf
37803,inf
37804,inf
37805,inf
37806,inf
37807,inf
37808,inf
37809,inf
37810,inf
37811,inf
37812,inf
37813,inf
37814,inf
37815,inf
37816,inf
37817,inf
37818,inf
37819,inf
37820,inf
37821,inf
37822,inf
37823,inf
37824,inf
37825,inf
37826,inf
37827,inf
37828,inf
37829,inf
37830,inf
37831,inf
37832,inf
37833,inf
37834,inf
37835,inf
37836,inf
37837,inf
37838,inf
37839,inf
37840,inf
37841,inf
37842,inf
37843,inf
37844,inf
37845,inf
37846,inf
37847,inf
37848,inf
37849,inf
37850,inf
37851,inf
37852,inf
37853,inf
37854,inf
37855,inf
37856,inf
37857,inf
37858,inf
37859,inf
37860,inf
37861,inf
37862,inf
37863,inf
37864,inf
37865,inf
37866,inf
37867,inf
37868,inf
37869,inf
37870,inf
37871,inf
37872,inf
37873,inf
37874,inf
37875,inf
37876,inf
37877,inf
37878,inf
37879,inf
37880,inf
37881,inf
37882,inf
37883,inf
37884,inf
37885,inf
37886,inf
37887,inf
37888,inf
37889,inf
37890,inf
37891,inf
37892,inf
37893,inf
37894,inf
37895,inf
37896,inf
37897,inf
37898,inf
37899,inf
37900,inf
37901,inf
37902,inf
37903,inf
37904,inf
37905,inf
37906,inf
37907,inf
37908,inf
37909,inf
37910,inf
37911,inf
37912,inf
37913,inf
37914,inf
37915,inf
37916,inf
37917,inf
37918,inf
37919,inf
37920,inf
37921,inf
37922,inf
37923,inf
37924,inf
37925,inf
37926,inf
37927,inf
37928,inf
37929,inf
37930,inf
37931,inf
37932,inf
37933,inf
37934,inf
37935,inf
37936,inf
37937,inf
37938,inf
37939,inf
37940,inf
37941,inf
37942,inf
37943,inf
37944,inf
37945,inf
37946,inf
37947,inf
37948,inf
37949,inf
37950,inf
37951,inf
37952,inf
37953,inf
37954,inf
37955,inf
37956,inf
37957,inf
37958,inf
37959,inf
37960,inf
37961,inf
37962,inf
37963,inf
37964,inf
37965,inf
37966,inf
37967,inf
37968,inf
37969,inf
37970,inf
37971,inf
37972,inf
37973,inf
37974,inf
37975,inf
37976,inf
37977,inf
37978,inf
37979,inf
37980,inf
37981,inf
37982,inf
37983,inf
37984,inf
37985,inf
37986,inf
37987,inf
37988,inf
37989,inf
37990,inf
37991,inf
37992,inf
37993,inf
37994,inf
37995,inf
37996,inf
37997,inf
37998,inf
37999,inf
38000,inf
38001,inf
38002,inf
38003,inf
38004,inf
38005,inf
38006,inf
38007,inf
38008,inf
38009,inf
38010,inf
38011,inf
38012,inf
38013,inf
38014,inf
38015,inf
38016,inf
38017,inf
38018,inf
38019,inf
38020,inf
38021,inf
38022,inf
38023,inf
38024,inf
38025,inf
38026,inf
38027,inf
38028,inf
38029,inf
38030,inf
38031,inf
38032,inf
38033,inf
38034,inf
38035,inf
38036,inf
38037,inf
38038,inf
38039,inf
38040,inf
38041,inf
38042,inf
38043,inf
38044,inf
38045,inf
38046,inf
38047,inf
38048,inf
38049,inf
38050,inf
38051,inf
38052,inf
38053,inf
38054,inf
38055,inf
38056,inf
38057,inf
38058,inf
38059,inf
38060,inf
38061,inf
38062,inf
38063,inf
38064,inf
38065,inf
38066,inf
38067,inf
38068,inf
38069,inf
38070,inf
38071,inf
38072,inf
38073,inf
38074,inf
38075,inf
38076,inf
38077,inf
38078,inf
38079,inf
38080,inf
38081,inf
38082,inf
38083,inf
38084,inf
38085,inf
38086,inf
38087,inf
38088,inf
38089,inf
38090,inf
38091,inf
38092,inf
38093,inf
38094,inf
38095,inf
38096,inf
38097,inf
38098,inf
38099,inf
38100,inf
38101,inf
38102,inf
38103,inf
38104,inf
38105,inf
38106,inf
38107,inf
38108,inf
38109,inf
38110,inf
38111,inf
38112,inf
38113,inf
38114,inf
38115,inf
38116,inf
38117,inf
38118,inf
38119,inf
38120,inf
38121,inf
38122,inf
38123,inf
38124,inf
38125,inf
38126,inf
38127,inf
38128,inf
38129,inf
38130,inf
38131,inf
38132,inf
38133,inf
38134,inf
38135,inf
